{"v":"5.7.8","fr":30,"ip":0,"op":63,"w":3840,"h":3840,"nm":"Icon_11","ddd":0,"assets":[{"id":"comp_0","layers":[{"ddd":0,"ind":1,"ty":4,"nm":"Stethoscope","sr":1,"ks":{"o":{"a":0,"k":100,"ix":11},"r":{"a":1,"k":[{"i":{"x":[0.3],"y":[1]},"o":{"x":[0.167],"y":[0.167]},"t":1,"s":[-45]},{"i":{"x":[0.3],"y":[1]},"o":{"x":[0.167],"y":[0.167]},"t":41,"s":[5]},{"t":61,"s":[0]}],"ix":10},"p":{"a":0,"k":[1920,1920,0],"ix":2,"l":2},"a":{"a":0,"k":[1920,1920,0],"ix":1,"l":2},"s":{"a":1,"k":[{"i":{"x":[0.3,0.3,0.3],"y":[1,1,1]},"o":{"x":[0.167,0.167,0.167],"y":[0.167,0.167,18.333]},"t":1,"s":[0,0,100]},{"i":{"x":[0.3,0.3,0.3],"y":[1,1,1]},"o":{"x":[0.167,0.167,0.167],"y":[0.167,0.167,-1.667]},"t":41,"s":[110,110,100]},{"t":61,"s":[100,100,100]}],"ix":6,"l":2}},"ao":0,"shapes":[{"ty":"gr","it":[{"ind":0,"ty":"sh","ix":1,"ks":{"a":0,"k":{"i":[[0,0],[0,-14.893],[-60.154,-95.504]],"o":[[-15.359,0],[0,119.492],[0,0]],"v":[[-19.63,-176.985],[-47.441,-150.019],[47.442,176.985]],"c":false},"ix":2},"nm":"Path 1","mn":"ADBE Vector Shape - Group","hd":false},{"ty":"tm","s":{"a":0,"k":0,"ix":1},"e":{"a":1,"k":[{"i":{"x":[0.3],"y":[1]},"o":{"x":[0.167],"y":[0.167]},"t":11,"s":[0]},{"t":31,"s":[100]}],"ix":2},"o":{"a":0,"k":0,"ix":3},"m":1,"ix":2,"nm":"Trim Paths 1","mn":"ADBE Vector Filter - Trim","hd":false},{"ty":"st","c":{"k":[{"s":[0.165,0.165,0.165,1],"t":0,"i":{"x":[1],"y":[1]},"o":{"x":[0],"y":[0]}},{"s":[0.165,0.165,0.165,1],"t":62,"i":{"x":[1],"y":[1]},"o":{"x":[0],"y":[0]}}]},"o":{"a":0,"k":100,"ix":4},"w":{"a":0,"k":60,"ix":5},"lc":2,"lj":2,"bm":0,"nm":"Stroke 1","mn":"ADBE Vector Graphic - Stroke","hd":false},{"ty":"tr","p":{"a":0,"k":[896.764,1888.649],"ix":2},"a":{"a":0,"k":[0,0],"ix":1},"s":{"a":1,"k":[{"i":{"x":[0.3,0.3],"y":[1,1]},"o":{"x":[0.167,0.167],"y":[0.167,0.167]},"t":11,"s":[50,50]},{"t":31,"s":[100,100]}],"ix":3},"r":{"a":1,"k":[{"i":{"x":[0.3],"y":[1]},"o":{"x":[0.167],"y":[0.167]},"t":11,"s":[-45]},{"t":31,"s":[0]}],"ix":6},"o":{"a":0,"k":100,"ix":7},"sk":{"a":0,"k":0,"ix":4},"sa":{"a":0,"k":0,"ix":5},"nm":"Transform"}],"nm":"Group 1","np":3,"cix":2,"bm":0,"ix":1,"mn":"ADBE Vector Group","hd":false},{"ty":"gr","it":[{"ind":0,"ty":"sh","ix":1,"ks":{"a":0,"k":{"i":[[0,0],[0,-14.893],[357.798,0],[0,0],[119.548,134.935]],"o":[[15.359,0],[0,346.926],[0,0],[-196.736,0],[0,0]],"v":[[544.137,-328.87],[571.948,-301.904],[-78.594,328.87],[-78.596,328.87],[-571.948,108.117]],"c":false},"ix":2},"nm":"Path 1","mn":"ADBE Vector Shape - Group","hd":false},{"ty":"tm","s":{"a":0,"k":0,"ix":1},"e":{"a":1,"k":[{"i":{"x":[0.3],"y":[1]},"o":{"x":[0.167],"y":[0.167]},"t":1,"s":[0]},{"t":31,"s":[100]}],"ix":2},"o":{"a":0,"k":0,"ix":3},"m":1,"ix":2,"nm":"Trim Paths 1","mn":"ADBE Vector Filter - Trim","hd":false},{"ty":"st","c":{"k":[{"s":[0.165,0.165,0.165,1],"t":0,"i":{"x":[1],"y":[1]},"o":{"x":[0],"y":[0]}},{"s":[0.165,0.165,0.165,1],"t":62,"i":{"x":[1],"y":[1]},"o":{"x":[0],"y":[0]}}]},"o":{"a":0,"k":100,"ix":4},"w":{"a":0,"k":60,"ix":5},"lc":2,"lj":2,"bm":0,"nm":"Stroke 1","mn":"ADBE Vector Graphic - Stroke","hd":false},{"ty":"tr","p":{"a":0,"k":[1578.46,2040.534],"ix":2},"a":{"a":0,"k":[0,0],"ix":1},"s":{"a":1,"k":[{"i":{"x":[0.3,0.3],"y":[1,1]},"o":{"x":[0.167,0.167],"y":[0.167,0.167]},"t":1,"s":[50,50]},{"t":31,"s":[100,100]}],"ix":3},"r":{"a":1,"k":[{"i":{"x":[0.3],"y":[1]},"o":{"x":[0.167],"y":[0.167]},"t":1,"s":[-45]},{"t":31,"s":[0]}],"ix":6},"o":{"a":0,"k":100,"ix":7},"sk":{"a":0,"k":0,"ix":4},"sa":{"a":0,"k":0,"ix":5},"nm":"Transform"}],"nm":"Group 2","np":3,"cix":2,"bm":0,"ix":2,"mn":"ADBE Vector Group","hd":false},{"ty":"gr","it":[{"ind":0,"ty":"sh","ix":1,"ks":{"a":0,"k":{"i":[[0,0],[0,-14.889],[0,0],[294.338,0],[0,0],[0,285.394],[0,0],[15.355,0],[0,0],[0,-14.893],[-357.797,0],[0,0],[0,346.926],[15.359,0]],"o":[[-15.355,0],[0,0],[0,285.394],[0,0],[-294.338,0],[0,0],[0,-14.888],[0,0],[-15.359,0],[0,346.926],[0,0],[357.798,0],[0,-14.893],[0,0]],"v":[[580.765,-328.87],[552.96,-301.911],[552.96,-284.644],[17.802,234.254],[-17.801,234.254],[-552.961,-284.644],[-552.961,-301.912],[-580.764,-328.87],[-622.732,-328.87],[-650.542,-301.904],[-0.001,328.87],[0.001,328.87],[650.542,-301.904],[622.731,-328.87]],"c":true},"ix":2},"nm":"Path 1","mn":"ADBE Vector Shape - Group","hd":false},{"ty":"fl","c":{"k":[{"s":[0.259,0.377,0.816,1],"t":0,"i":{"x":[1],"y":[1]},"o":{"x":[0],"y":[0]}},{"s":[0.259,0.377,0.816,1],"t":62,"i":{"x":[1],"y":[1]},"o":{"x":[0],"y":[0]}}]},"o":{"a":0,"k":100,"ix":5},"r":1,"bm":0,"nm":"Fill 1","mn":"ADBE Vector Graphic - Fill","hd":false},{"ty":"tr","p":{"a":0,"k":[1499.865,2040.534],"ix":2},"a":{"a":0,"k":[0,0],"ix":1},"s":{"a":1,"k":[{"i":{"x":[0.3,0.3],"y":[1,1]},"o":{"x":[0.167,0.167],"y":[0.167,0.167]},"t":1,"s":[50,50]},{"t":31,"s":[100,100]}],"ix":3},"r":{"a":1,"k":[{"i":{"x":[0.3],"y":[1]},"o":{"x":[0.167],"y":[0.167]},"t":1,"s":[-45]},{"t":31,"s":[0]}],"ix":6},"o":{"a":0,"k":100,"ix":7},"sk":{"a":0,"k":0,"ix":4},"sa":{"a":0,"k":0,"ix":5},"nm":"Transform"}],"nm":"Group 3","np":2,"cix":2,"bm":0,"ix":3,"mn":"ADBE Vector Group","hd":false},{"ty":"gr","it":[{"ind":0,"ty":"sh","ix":1,"ks":{"a":0,"k":{"i":[[0,0],[8.186,90.693],[2.055,69.339],[-11.264,56.188],[-64.628,74.447],[-108.212,44.89],[-48.077,11.197]],"o":[[-12.101,-73.403],[-8.786,-97.347],[-4.171,-140.722],[12.636,-63.03],[52.76,-60.776],[77.989,-32.353],[0,0]],"v":[[-209.102,584.282],[-240.527,337.556],[-253.62,98.963],[-248.383,-169.455],[-154.109,-391.781],[65.863,-521.922],[259.647,-584.282]],"c":false},"ix":2},"nm":"Path 1","mn":"ADBE Vector Shape - Group","hd":false},{"ty":"tm","s":{"a":0,"k":0,"ix":1},"e":{"a":1,"k":[{"i":{"x":[0.3],"y":[1]},"o":{"x":[0.167],"y":[0.167]},"t":11,"s":[0]},{"t":41,"s":[100]}],"ix":2},"o":{"a":0,"k":0,"ix":3},"m":1,"ix":2,"nm":"Trim Paths 1","mn":"ADBE Vector Filter - Trim","hd":false},{"ty":"st","c":{"k":[{"s":[0.165,0.165,0.165,1],"t":0,"i":{"x":[1],"y":[1]},"o":{"x":[0],"y":[0]}},{"s":[0.165,0.165,0.165,1],"t":62,"i":{"x":[1],"y":[1]},"o":{"x":[0],"y":[0]}}]},"o":{"a":0,"k":100,"ix":4},"w":{"a":0,"k":60,"ix":5},"lc":2,"lj":1,"ml":10,"bm":0,"nm":"Stroke 1","mn":"ADBE Vector Graphic - Stroke","hd":false},{"ty":"tr","p":{"a":0,"k":[1098.183,1468.636],"ix":2},"a":{"a":0,"k":[-8,448],"ix":1},"s":{"a":1,"k":[{"i":{"x":[0.3,0.3],"y":[1,1]},"o":{"x":[0.167,0.167],"y":[0.167,0.167]},"t":11,"s":[0,0]},{"t":41,"s":[100,100]}],"ix":3},"r":{"a":1,"k":[{"i":{"x":[0.3],"y":[1]},"o":{"x":[0.167],"y":[0.167]},"t":11,"s":[20]},{"t":41,"s":[0]}],"ix":6},"o":{"a":0,"k":100,"ix":7},"sk":{"a":0,"k":0,"ix":4},"sa":{"a":0,"k":0,"ix":5},"nm":"Transform"}],"nm":"Group 4","np":3,"cix":2,"bm":0,"ix":4,"mn":"ADBE Vector Group","hd":false},{"ty":"gr","it":[{"ind":0,"ty":"sh","ix":1,"ks":{"a":0,"k":{"i":[[-2.877,-15.821],[16.317,-2.79],[2.878,15.821],[-16.317,2.789]],"o":[[2.877,15.821],[-16.317,2.789],[-2.877,-15.821],[16.317,-2.79]],"v":[[29.545,-5.051],[5.209,28.647],[-29.545,5.051],[-5.209,-28.646]],"c":true},"ix":2},"nm":"Path 1","mn":"ADBE Vector Shape - Group","hd":false},{"ty":"fl","c":{"k":[{"s":[0.165,0.165,0.165,1],"t":0,"i":{"x":[1],"y":[1]},"o":{"x":[0],"y":[0]}},{"s":[0.165,0.165,0.165,1],"t":62,"i":{"x":[1],"y":[1]},"o":{"x":[0],"y":[0]}}]},"o":{"a":0,"k":100,"ix":5},"r":1,"bm":0,"nm":"Fill 1","mn":"ADBE Vector Graphic - Fill","hd":false},{"ty":"tr","p":{"a":1,"k":[{"i":{"x":0.3,"y":1},"o":{"x":0.167,"y":0.167},"t":31,"s":[1465.826,706.143],"to":[0,-50],"ti":[0,50]},{"t":51,"s":[1465.826,406.142]}],"ix":2},"a":{"a":0,"k":[0,0],"ix":1},"s":{"a":1,"k":[{"i":{"x":[0.3,0.3],"y":[1,1]},"o":{"x":[0.167,0.167],"y":[0.167,0.167]},"t":31,"s":[0,0]},{"t":51,"s":[100,100]}],"ix":3},"r":{"a":0,"k":0,"ix":6},"o":{"a":0,"k":100,"ix":7},"sk":{"a":0,"k":0,"ix":4},"sa":{"a":0,"k":0,"ix":5},"nm":"Transform"}],"nm":"Group 5","np":2,"cix":2,"bm":0,"ix":5,"mn":"ADBE Vector Group","hd":false},{"ty":"gr","it":[{"ind":0,"ty":"sh","ix":1,"ks":{"a":0,"k":{"i":[[-9.111,-50.1],[16.317,-2.79],[9.11,50.1],[-16.317,2.79]],"o":[[9.111,50.1],[-16.316,2.79],[-9.111,-50.1],[16.317,-2.789]],"v":[[29.544,-5.052],[16.496,90.714],[-29.544,5.05],[-16.497,-90.714]],"c":true},"ix":2},"nm":"Path 1","mn":"ADBE Vector Shape - Group","hd":false},{"ty":"fl","c":{"k":[{"s":[0.259,0.377,0.816,1],"t":0,"i":{"x":[1],"y":[1]},"o":{"x":[0],"y":[0]}},{"s":[0.259,0.377,0.816,1],"t":62,"i":{"x":[1],"y":[1]},"o":{"x":[0],"y":[0]}}]},"o":{"a":0,"k":100,"ix":5},"r":1,"bm":0,"nm":"Fill 1","mn":"ADBE Vector Graphic - Fill","hd":false},{"ty":"tr","p":{"a":1,"k":[{"i":{"x":0.3,"y":1},"o":{"x":0.167,"y":0.167},"t":31,"s":[1465.826,706.143],"to":[-4.596,-49.214],"ti":[4.596,49.214]},{"t":51,"s":[1438.251,410.857]}],"ix":2},"a":{"a":0,"k":[0,0],"ix":1},"s":{"a":1,"k":[{"i":{"x":[0.3,0.3],"y":[1,1]},"o":{"x":[0.167,0.167],"y":[0.167,0.167]},"t":31,"s":[0,0]},{"t":51,"s":[100,100]}],"ix":3},"r":{"a":0,"k":0,"ix":6},"o":{"a":0,"k":100,"ix":7},"sk":{"a":0,"k":0,"ix":4},"sa":{"a":0,"k":0,"ix":5},"nm":"Transform"}],"nm":"Group 6","np":2,"cix":2,"bm":0,"ix":6,"mn":"ADBE Vector Group","hd":false},{"ty":"gr","it":[{"ind":0,"ty":"sh","ix":1,"ks":{"a":0,"k":{"i":[[0,0],[-8.186,90.693],[-2.055,69.339],[11.264,56.188],[64.628,74.447],[108.212,44.89],[48.077,11.197]],"o":[[12.101,-73.403],[8.786,-97.347],[4.171,-140.722],[-12.636,-63.03],[-52.76,-60.776],[-77.989,-32.353],[0,0]],"v":[[209.102,584.282],[240.527,337.556],[253.62,98.963],[248.383,-169.455],[154.109,-391.781],[-65.863,-521.922],[-259.647,-584.282]],"c":false},"ix":2},"nm":"Path 1","mn":"ADBE Vector Shape - Group","hd":false},{"ty":"tm","s":{"a":0,"k":0,"ix":1},"e":{"a":1,"k":[{"i":{"x":[0.3],"y":[1]},"o":{"x":[0.167],"y":[0.167]},"t":11,"s":[0]},{"t":41,"s":[100]}],"ix":2},"o":{"a":0,"k":0,"ix":3},"m":1,"ix":2,"nm":"Trim Paths 1","mn":"ADBE Vector Filter - Trim","hd":false},{"ty":"st","c":{"k":[{"s":[0.165,0.165,0.165,1],"t":0,"i":{"x":[1],"y":[1]},"o":{"x":[0],"y":[0]}},{"s":[0.165,0.165,0.165,1],"t":62,"i":{"x":[1],"y":[1]},"o":{"x":[0],"y":[0]}}]},"o":{"a":0,"k":100,"ix":4},"w":{"a":0,"k":60,"ix":5},"lc":2,"lj":1,"ml":10,"bm":0,"nm":"Stroke 1","mn":"ADBE Vector Graphic - Stroke","hd":false},{"ty":"tr","p":{"a":0,"k":[1885.546,1501.762],"ix":2},"a":{"a":0,"k":[-8,480],"ix":1},"s":{"a":1,"k":[{"i":{"x":[0.3,0.3],"y":[1,1]},"o":{"x":[0.167,0.167],"y":[0.167,0.167]},"t":11,"s":[0,0]},{"t":41,"s":[100,100]}],"ix":3},"r":{"a":1,"k":[{"i":{"x":[0.3],"y":[1]},"o":{"x":[0.167],"y":[0.167]},"t":11,"s":[-20]},{"t":41,"s":[0]}],"ix":6},"o":{"a":0,"k":100,"ix":7},"sk":{"a":0,"k":0,"ix":4},"sa":{"a":0,"k":0,"ix":5},"nm":"Transform"}],"nm":"Group 7","np":3,"cix":2,"bm":0,"ix":7,"mn":"ADBE Vector Group","hd":false},{"ty":"gr","it":[{"ind":0,"ty":"sh","ix":1,"ks":{"a":0,"k":{"i":[[2.877,-15.821],[-16.317,-2.79],[-2.878,15.821],[16.317,2.789]],"o":[[-2.877,15.821],[16.317,2.789],[2.877,-15.821],[-16.317,-2.79]],"v":[[-29.544,-5.051],[-5.209,28.647],[29.545,5.051],[5.209,-28.646]],"c":true},"ix":2},"nm":"Path 1","mn":"ADBE Vector Shape - Group","hd":false},{"ty":"fl","c":{"k":[{"s":[0.165,0.165,0.165,1],"t":0,"i":{"x":[1],"y":[1]},"o":{"x":[0],"y":[0]}},{"s":[0.165,0.165,0.165,1],"t":62,"i":{"x":[1],"y":[1]},"o":{"x":[0],"y":[0]}}]},"o":{"a":0,"k":100,"ix":5},"r":1,"bm":0,"nm":"Fill 1","mn":"ADBE Vector Graphic - Fill","hd":false},{"ty":"tr","p":{"a":1,"k":[{"i":{"x":0.3,"y":1},"o":{"x":0.167,"y":0.167},"t":31,"s":[1533.904,707.269],"to":[0,-50],"ti":[0,50]},{"t":51,"s":[1533.904,407.269]}],"ix":2},"a":{"a":0,"k":[0,0],"ix":1},"s":{"a":1,"k":[{"i":{"x":[0.3,0.3],"y":[1,1]},"o":{"x":[0.167,0.167],"y":[0.167,0.167]},"t":31,"s":[0,0]},{"t":51,"s":[100,100]}],"ix":3},"r":{"a":0,"k":0,"ix":6},"o":{"a":0,"k":100,"ix":7},"sk":{"a":0,"k":0,"ix":4},"sa":{"a":0,"k":0,"ix":5},"nm":"Transform"}],"nm":"Group 8","np":2,"cix":2,"bm":0,"ix":8,"mn":"ADBE Vector Group","hd":false},{"ty":"gr","it":[{"ind":0,"ty":"sh","ix":1,"ks":{"a":0,"k":{"i":[[9.111,-50.1],[-16.317,-2.79],[-9.11,50.1],[16.317,2.79]],"o":[[-9.111,50.1],[16.316,2.79],[9.111,-50.1],[-16.317,-2.789]],"v":[[-29.544,-5.052],[-16.496,90.714],[29.544,5.05],[16.497,-90.714]],"c":true},"ix":2},"nm":"Path 1","mn":"ADBE Vector Shape - Group","hd":false},{"ty":"fl","c":{"k":[{"s":[0.259,0.377,0.816,1],"t":0,"i":{"x":[1],"y":[1]},"o":{"x":[0],"y":[0]}},{"s":[0.259,0.377,0.816,1],"t":62,"i":{"x":[1],"y":[1]},"o":{"x":[0],"y":[0]}}]},"o":{"a":0,"k":100,"ix":5},"r":1,"bm":0,"nm":"Fill 1","mn":"ADBE Vector Graphic - Fill","hd":false},{"ty":"tr","p":{"a":1,"k":[{"i":{"x":0.3,"y":1},"o":{"x":0.167,"y":0.167},"t":31,"s":[1533.904,707.269],"to":[4.596,-49.214],"ti":[-4.596,49.214]},{"t":51,"s":[1561.478,411.984]}],"ix":2},"a":{"a":0,"k":[0,0],"ix":1},"s":{"a":1,"k":[{"i":{"x":[0.3,0.3],"y":[1,1]},"o":{"x":[0.167,0.167],"y":[0.167,0.167]},"t":31,"s":[0,0]},{"t":51,"s":[100,100]}],"ix":3},"r":{"a":0,"k":0,"ix":6},"o":{"a":0,"k":100,"ix":7},"sk":{"a":0,"k":0,"ix":4},"sa":{"a":0,"k":0,"ix":5},"nm":"Transform"}],"nm":"Group 9","np":2,"cix":2,"bm":0,"ix":9,"mn":"ADBE Vector Group","hd":false},{"ty":"gr","it":[{"ind":0,"ty":"sh","ix":1,"ks":{"a":0,"k":{"i":[[0,0],[-13.206,-7.993],[0,-29.892],[47.543,0],[0,46.099],[-10.047,13.655]],"o":[[16.714,0],[24.357,14.743],[0,46.099],[-47.543,0],[0,-18.052],[0,0]],"v":[[0,-83.469],[45.522,-70.857],[86.085,0],[0,83.469],[-86.085,0],[-70.127,-48.421]],"c":false},"ix":2},"nm":"Path 1","mn":"ADBE Vector Shape - Group","hd":false},{"ty":"tm","s":{"a":0,"k":0,"ix":1},"e":{"a":1,"k":[{"i":{"x":[0.3],"y":[1]},"o":{"x":[0.167],"y":[0.167]},"t":26,"s":[0]},{"t":46,"s":[100]}],"ix":2},"o":{"a":0,"k":0,"ix":3},"m":1,"ix":2,"nm":"Trim Paths 1","mn":"ADBE Vector Filter - Trim","hd":false},{"ty":"st","c":{"k":[{"s":[0.165,0.165,0.165,1],"t":0,"i":{"x":[1],"y":[1]},"o":{"x":[0],"y":[0]}},{"s":[0.165,0.165,0.165,1],"t":62,"i":{"x":[1],"y":[1]},"o":{"x":[0],"y":[0]}}]},"o":{"a":0,"k":100,"ix":4},"w":{"a":0,"k":60,"ix":5},"lc":2,"lj":1,"ml":10,"bm":0,"nm":"Stroke 1","mn":"ADBE Vector Graphic - Stroke","hd":false},{"ty":"tr","p":{"a":0,"k":[2732.423,1803.705],"ix":2},"a":{"a":0,"k":[0,0],"ix":1},"s":{"a":1,"k":[{"i":{"x":[0.3,0.3],"y":[1,1]},"o":{"x":[0.167,0.167],"y":[0.167,0.167]},"t":26,"s":[0,0]},{"t":46,"s":[100,100]}],"ix":3},"r":{"a":0,"k":0,"ix":6},"o":{"a":0,"k":100,"ix":7},"sk":{"a":0,"k":0,"ix":4},"sa":{"a":0,"k":0,"ix":5},"nm":"Transform"}],"nm":"Group 10","np":3,"cix":2,"bm":0,"ix":10,"mn":"ADBE Vector Group","hd":false},{"ty":"gr","it":[{"ind":0,"ty":"sh","ix":1,"ks":{"a":0,"k":{"i":[[0,0],[8.919,12.276]],"o":[[-11.929,-9.531],[0,0]],"v":[[15.716,16.432],[-15.716,-16.432]],"c":false},"ix":2},"nm":"Path 1","mn":"ADBE Vector Shape - Group","hd":false},{"ty":"tm","s":{"a":0,"k":0,"ix":1},"e":{"a":1,"k":[{"i":{"x":[0.3],"y":[1]},"o":{"x":[0.167],"y":[0.167]},"t":21,"s":[0]},{"t":44,"s":[100]}],"ix":2},"o":{"a":0,"k":0,"ix":3},"m":1,"ix":2,"nm":"Trim Paths 1","mn":"ADBE Vector Filter - Trim","hd":false},{"ty":"st","c":{"k":[{"s":[0.165,0.165,0.165,1],"t":0,"i":{"x":[1],"y":[1]},"o":{"x":[0],"y":[0]}},{"s":[0.165,0.165,0.165,1],"t":62,"i":{"x":[1],"y":[1]},"o":{"x":[0],"y":[0]}}]},"o":{"a":0,"k":100,"ix":4},"w":{"a":0,"k":60,"ix":5},"lc":2,"lj":2,"bm":0,"nm":"Stroke 1","mn":"ADBE Vector Graphic - Stroke","hd":false},{"ty":"tr","p":{"a":0,"k":[2607.292,1916.17],"ix":2},"a":{"a":0,"k":[0,0],"ix":1},"s":{"a":0,"k":[100,100],"ix":3},"r":{"a":0,"k":0,"ix":6},"o":{"a":0,"k":100,"ix":7},"sk":{"a":0,"k":0,"ix":4},"sa":{"a":0,"k":0,"ix":5},"nm":"Transform"}],"nm":"Group 11","np":3,"cix":2,"bm":0,"ix":11,"mn":"ADBE Vector Group","hd":false},{"ty":"gr","it":[{"ind":0,"ty":"sh","ix":1,"ks":{"a":0,"k":{"i":[[0,0],[-15.908,0],[-31.298,31.34],[0,45.127]],"o":[[14.623,3.915],[48.546,0],[30.006,-30.046],[0,0]],"v":[[-109.052,77.462],[-63.118,83.469],[60.579,32.648],[109.051,-83.469]],"c":false},"ix":2},"nm":"Path 1","mn":"ADBE Vector Shape - Group","hd":false},{"ty":"tm","s":{"a":0,"k":0,"ix":1},"e":{"a":1,"k":[{"i":{"x":[0.3],"y":[1]},"o":{"x":[0.167],"y":[0.167]},"t":21,"s":[0]},{"t":36,"s":[100]}],"ix":2},"o":{"a":0,"k":0,"ix":3},"m":1,"ix":2,"nm":"Trim Paths 1","mn":"ADBE Vector Filter - Trim","hd":false},{"ty":"st","c":{"k":[{"s":[0.165,0.165,0.165,1],"t":0,"i":{"x":[1],"y":[1]},"o":{"x":[0],"y":[0]}},{"s":[0.165,0.165,0.165,1],"t":62,"i":{"x":[1],"y":[1]},"o":{"x":[0],"y":[0]}}]},"o":{"a":0,"k":100,"ix":4},"w":{"a":0,"k":60,"ix":5},"lc":2,"lj":2,"bm":0,"nm":"Stroke 1","mn":"ADBE Vector Graphic - Stroke","hd":false},{"ty":"tr","p":{"a":0,"k":[2795.541,1887.174],"ix":2},"a":{"a":0,"k":[0,0],"ix":1},"s":{"a":0,"k":[100,100],"ix":3},"r":{"a":0,"k":0,"ix":6},"o":{"a":0,"k":100,"ix":7},"sk":{"a":0,"k":0,"ix":4},"sa":{"a":0,"k":0,"ix":5},"nm":"Transform"}],"nm":"Group 12","np":3,"cix":2,"bm":0,"ix":12,"mn":"ADBE Vector Group","hd":false},{"ty":"gr","it":[{"ind":0,"ty":"sh","ix":1,"ks":{"a":0,"k":{"i":[[0,-138.296],[142.63,0],[0,138.296],[-142.63,0]],"o":[[0,138.296],[-142.63,0],[0,-138.296],[142.63,0]],"v":[[258.254,0],[0,250.407],[-258.254,0],[0,-250.407]],"c":true},"ix":2},"nm":"Path 1","mn":"ADBE Vector Shape - Group","hd":false},{"ty":"tm","s":{"a":0,"k":0,"ix":1},"e":{"a":1,"k":[{"i":{"x":[0.3],"y":[1]},"o":{"x":[0.167],"y":[0.167]},"t":11,"s":[0]},{"t":31,"s":[100]}],"ix":2},"o":{"a":0,"k":0,"ix":3},"m":1,"ix":2,"nm":"Trim Paths 1","mn":"ADBE Vector Filter - Trim","hd":false},{"ty":"st","c":{"k":[{"s":[0.165,0.165,0.165,1],"t":0,"i":{"x":[1],"y":[1]},"o":{"x":[0],"y":[0]}},{"s":[0.165,0.165,0.165,1],"t":62,"i":{"x":[1],"y":[1]},"o":{"x":[0],"y":[0]}}]},"o":{"a":0,"k":100,"ix":4},"w":{"a":0,"k":60,"ix":5},"lc":2,"lj":1,"ml":10,"bm":0,"nm":"Stroke 1","mn":"ADBE Vector Graphic - Stroke","hd":false},{"ty":"tr","p":{"a":0,"k":[2732.423,1803.705],"ix":2},"a":{"a":0,"k":[0,0],"ix":1},"s":{"a":1,"k":[{"i":{"x":[0.3,0.3],"y":[1,1]},"o":{"x":[0.167,0.167],"y":[0.167,0.167]},"t":11,"s":[50,50]},{"t":31,"s":[100,100]}],"ix":3},"r":{"a":0,"k":0,"ix":6},"o":{"a":0,"k":100,"ix":7},"sk":{"a":0,"k":0,"ix":4},"sa":{"a":0,"k":0,"ix":5},"nm":"Transform"}],"nm":"Group 13","np":3,"cix":2,"bm":0,"ix":13,"mn":"ADBE Vector Group","hd":false},{"ty":"gr","it":[{"ind":0,"ty":"sh","ix":1,"ks":{"a":0,"k":{"i":[[0,0],[0,0],[-357.798,0],[0,0],[0,346.926],[0,0]],"o":[[0,0],[0,346.926],[0,0],[357.798,0],[0,0],[0,0]],"v":[[-650.542,-460.767],[-650.542,101.484],[0,732.258],[0.001,732.258],[650.542,101.484],[650.542,-732.259]],"c":false},"ix":2},"nm":"Path 1","mn":"ADBE Vector Shape - Group","hd":false},{"ty":"tm","s":{"a":0,"k":0,"ix":1},"e":{"a":1,"k":[{"i":{"x":[0.3],"y":[1]},"o":{"x":[0.167],"y":[0.167]},"t":1,"s":[0]},{"t":31,"s":[100]}],"ix":2},"o":{"a":0,"k":0,"ix":3},"m":1,"ix":2,"nm":"Trim Paths 1","mn":"ADBE Vector Filter - Trim","hd":false},{"ty":"st","c":{"k":[{"s":[0.165,0.165,0.165,1],"t":0,"i":{"x":[1],"y":[1]},"o":{"x":[0],"y":[0]}},{"s":[0.165,0.165,0.165,1],"t":62,"i":{"x":[1],"y":[1]},"o":{"x":[0],"y":[0]}}]},"o":{"a":0,"k":100,"ix":4},"w":{"a":0,"k":60,"ix":5},"lc":2,"lj":2,"bm":0,"nm":"Stroke 1","mn":"ADBE Vector Graphic - Stroke","hd":false},{"ty":"tr","p":{"a":0,"k":[2115.878,2787.742],"ix":2},"a":{"a":0,"k":[0,0],"ix":1},"s":{"a":1,"k":[{"i":{"x":[0.3,0.3],"y":[1,1]},"o":{"x":[0.167,0.167],"y":[0.167,0.167]},"t":6,"s":[50,50]},{"t":36,"s":[100,100]}],"ix":3},"r":{"a":1,"k":[{"i":{"x":[0.3],"y":[1]},"o":{"x":[0.167],"y":[0.167]},"t":6,"s":[45]},{"t":36,"s":[0]}],"ix":6},"o":{"a":0,"k":100,"ix":7},"sk":{"a":0,"k":0,"ix":4},"sa":{"a":0,"k":0,"ix":5},"nm":"Transform"}],"nm":"Group 14","np":3,"cix":2,"bm":0,"ix":14,"mn":"ADBE Vector Group","hd":false},{"ty":"gr","it":[{"ind":0,"ty":"sh","ix":1,"ks":{"a":0,"k":{"i":[[0,0],[0,0],[294.337,0],[0,0],[0,285.393],[0,0],[0,0],[0,0],[-357.798,0],[0,0],[0,346.925],[0,0]],"o":[[0,0],[0,285.393],[0,0],[-294.338,0],[0,0],[0,0],[0,0],[0,346.925],[0,0],[357.798,0],[0,0],[0,0]],"v":[[552.961,-732.259],[552.961,118.744],[17.802,637.641],[-17.801,637.641],[-552.961,118.744],[-552.961,-460.766],[-650.542,-460.766],[-650.542,101.484],[-0.001,732.259],[0.001,732.259],[650.542,101.484],[650.542,-732.259]],"c":true},"ix":2},"nm":"Path 1","mn":"ADBE Vector Shape - Group","hd":false},{"ty":"fl","c":{"k":[{"s":[0.259,0.377,0.816,1],"t":0,"i":{"x":[1],"y":[1]},"o":{"x":[0],"y":[0]}},{"s":[0.259,0.377,0.816,1],"t":62,"i":{"x":[1],"y":[1]},"o":{"x":[0],"y":[0]}}]},"o":{"a":0,"k":100,"ix":5},"r":1,"bm":0,"nm":"Fill 1","mn":"ADBE Vector Graphic - Fill","hd":false},{"ty":"tr","p":{"a":0,"k":[2115.878,2787.742],"ix":2},"a":{"a":0,"k":[0,0],"ix":1},"s":{"a":1,"k":[{"i":{"x":[0.3,0.3],"y":[1,1]},"o":{"x":[0.167,0.167],"y":[0.167,0.167]},"t":6,"s":[50,50]},{"t":36,"s":[100,100]}],"ix":3},"r":{"a":1,"k":[{"i":{"x":[0.3],"y":[1]},"o":{"x":[0.167],"y":[0.167]},"t":6,"s":[45]},{"t":36,"s":[0]}],"ix":6},"o":{"a":0,"k":100,"ix":7},"sk":{"a":0,"k":0,"ix":4},"sa":{"a":0,"k":0,"ix":5},"nm":"Transform"}],"nm":"Group 15","np":2,"cix":2,"bm":0,"ix":15,"mn":"ADBE Vector Group","hd":false}],"ip":1,"op":181,"st":1,"bm":0}]}],"layers":[{"ddd":0,"ind":1,"ty":0,"nm":"Stethoscope_Icon","refId":"comp_0","sr":-1,"ks":{"o":{"a":0,"k":100,"ix":11},"r":{"a":0,"k":0,"ix":10},"p":{"a":0,"k":[1920,1920,0],"ix":2,"l":2},"a":{"a":0,"k":[1920,1920,0],"ix":1,"l":2},"s":{"a":0,"k":[100,100,100],"ix":6,"l":2}},"ao":0,"w":3840,"h":3840,"ip":179.99,"op":89.99,"st":180,"bm":0},{"ddd":0,"ind":2,"ty":0,"nm":"Stethoscope_Icon","refId":"comp_0","sr":1,"ks":{"o":{"a":0,"k":100,"ix":11},"r":{"a":0,"k":0,"ix":10},"p":{"a":0,"k":[1920,1920,0],"ix":2,"l":2},"a":{"a":0,"k":[1920,1920,0],"ix":1,"l":2},"s":{"a":0,"k":[100,100,100],"ix":6,"l":2}},"ao":0,"w":3840,"h":3840,"ip":0,"op":90,"st":0,"bm":0}],"markers":[]}