{"nm":"(CC)-Video-Conference","mn":"","layers":[{"ty":4,"nm":"Layer 3 Outlines","mn":"","sr":1,"st":0,"op":111,"ip":0,"hd":false,"cl":"","ln":"","ddd":0,"bm":0,"hasMask":false,"ao":0,"ks":{"a":{"a":0,"k":[0.25,235.298,0],"ix":1},"s":{"a":0,"k":[100,100,100],"ix":6},"sk":{"a":0,"k":0},"p":{"a":0,"k":[804.178,369.858,0],"ix":2},"r":{"a":1,"k":[{"o":{"x":0.333,"y":0},"i":{"x":0.667,"y":1},"s":[0],"t":0},{"o":{"x":0.333,"y":0},"i":{"x":0.667,"y":1},"s":[-5],"t":30},{"o":{"x":0.167,"y":0.167},"i":{"x":0.833,"y":0.833},"s":[0],"t":60}],"ix":10},"sa":{"a":0,"k":0},"o":{"a":0,"k":100,"ix":11}},"ef":[],"shapes":[{"ty":"gr","bm":0,"cl":"","ln":"","hd":false,"mn":"ADBE Vector Group","nm":"Group 1","ix":1,"cix":2,"np":2,"it":[{"ty":"sh","bm":0,"cl":"","ln":"","hd":false,"mn":"ADBE Vector Shape - Group","nm":"Path 1","ix":1,"d":1,"ks":{"a":0,"k":{"c":true,"i":[[0,-4.958],[4.959,0],[0,4.958],[-4.958,0]],"o":[[0,4.958],[-4.958,0],[0,-4.958],[4.959,0]],"v":[[8.978,0],[-0.001,8.978],[-8.978,0],[-0.001,-8.978]]},"ix":2}},{"ty":"fl","bm":0,"cl":"","ln":"","hd":false,"mn":"ADBE Vector Graphic - Fill","nm":"Fill 1","c":{"a":0,"k":[0.9804,0.9529,0.9294],"ix":4},"r":1,"o":{"a":0,"k":100,"ix":5}},{"ty":"tr","a":{"a":0,"k":[0,0],"ix":1},"s":{"a":0,"k":[100,100],"ix":3},"sk":{"a":0,"k":0,"ix":4},"p":{"a":0,"k":[175.686,149.003],"ix":2},"r":{"a":0,"k":0,"ix":6},"sa":{"a":0,"k":0,"ix":5},"o":{"a":0,"k":100,"ix":7}}]},{"ty":"gr","bm":0,"cl":"","ln":"","hd":false,"mn":"ADBE Vector Group","nm":"Group 2","ix":2,"cix":2,"np":2,"it":[{"ty":"sh","bm":0,"cl":"","ln":"","hd":false,"mn":"ADBE Vector Shape - Group","nm":"Path 1","ix":1,"d":1,"ks":{"a":0,"k":{"c":true,"i":[[4.958,0],[0,0],[0,4.958],[0,0],[-4.958,0],[0,0],[0,-4.958],[0,0]],"o":[[0,0],[-4.958,0],[0,0],[0,-4.958],[0,0],[4.958,0],[0,0],[0,4.958]],"v":[[0.001,44.888],[-0.001,44.888],[-8.978,35.91],[-8.978,-35.911],[-0.001,-44.888],[0.001,-44.888],[8.978,-35.911],[8.978,35.91]]},"ix":2}},{"ty":"fl","bm":0,"cl":"","ln":"","hd":false,"mn":"ADBE Vector Graphic - Fill","nm":"Fill 1","c":{"a":0,"k":[0.9804,0.9529,0.9294],"ix":4},"r":1,"o":{"a":0,"k":100,"ix":5}},{"ty":"tr","a":{"a":0,"k":[0,0],"ix":1},"s":{"a":0,"k":[100,100],"ix":3},"sk":{"a":0,"k":0,"ix":4},"p":{"a":0,"k":[175.686,89.152],"ix":2},"r":{"a":0,"k":0,"ix":6},"sa":{"a":0,"k":0,"ix":5},"o":{"a":0,"k":100,"ix":7}}]},{"ty":"gr","bm":0,"cl":"","ln":"","hd":false,"mn":"ADBE Vector Group","nm":"Group 3","ix":3,"cix":2,"np":2,"it":[{"ty":"sh","bm":0,"cl":"","ln":"","hd":false,"mn":"ADBE Vector Shape - Group","nm":"Path 1","ix":1,"d":1,"ks":{"a":0,"k":{"c":true,"i":[[5.32,-0.462],[0,-4.768],[0,0],[0.081,0],[0,0],[0,0.081],[0,0],[4.751,0.413],[0,-5.223],[0,0],[-4.75,-0.413],[0,5.223],[0,0],[-0.081,0],[0,0],[0,-0.082],[0,0],[-4.75,-0.413],[0,5.223],[0,0]],"o":[[-4.75,0.413],[0,0],[0,0.081],[0,0],[-0.081,0],[0,0],[0,-4.768],[-5.32,-0.462],[0,0],[0,4.769],[5.32,0.463],[0,0],[0,-0.082],[0,0],[0.081,0],[0,0],[0,4.769],[5.32,0.463],[0,0],[0,-5.223]],"v":[[23.137,-44.854],[14.963,-35.273],[14.963,-9.125],[14.816,-8.979],[-14.816,-8.979],[-14.963,-9.125],[-14.963,-35.273],[-23.137,-44.854],[-32.918,-35.911],[-32.918,35.273],[-24.744,44.853],[-14.963,35.911],[-14.963,9.125],[-14.816,8.978],[14.816,8.978],[14.963,9.125],[14.963,35.273],[23.137,44.853],[32.918,35.911],[32.918,-35.911]]},"ix":2}},{"ty":"fl","bm":0,"cl":"","ln":"","hd":false,"mn":"ADBE Vector Graphic - Fill","nm":"Fill 1","c":{"a":0,"k":[0.9804,0.9529,0.9294],"ix":4},"r":1,"o":{"a":0,"k":100,"ix":5}},{"ty":"tr","a":{"a":0,"k":[0,0],"ix":1},"s":{"a":0,"k":[100,100],"ix":3},"sk":{"a":0,"k":0,"ix":4},"p":{"a":0,"k":[79.925,113.093],"ix":2},"r":{"a":0,"k":0,"ix":6},"sa":{"a":0,"k":0,"ix":5},"o":{"a":0,"k":100,"ix":7}}]},{"ty":"gr","bm":0,"cl":"","ln":"","hd":false,"mn":"ADBE Vector Group","nm":"Group 4","ix":4,"cix":2,"np":2,"it":[{"ty":"sh","bm":0,"cl":"","ln":"","hd":false,"mn":"ADBE Vector Shape - Group","nm":"Path 1","ix":1,"d":1,"ks":{"a":0,"k":{"c":true,"i":[[4.958,0],[0,0],[0,4.958],[0,0],[-4.958,0],[0,-4.958],[0,0]],"o":[[0,0],[-4.958,0],[0,0],[0,-4.958],[4.958,0],[0,0],[0,4.958]],"v":[[0,44.888],[0,44.888],[-8.978,35.91],[-8.978,-35.911],[0,-44.888],[8.978,-35.911],[8.978,35.91]]},"ix":2}},{"ty":"fl","bm":0,"cl":"","ln":"","hd":false,"mn":"ADBE Vector Graphic - Fill","nm":"Fill 1","c":{"a":0,"k":[0.9804,0.9529,0.9294],"ix":4},"r":1,"o":{"a":0,"k":100,"ix":5}},{"ty":"tr","a":{"a":0,"k":[0,0],"ix":1},"s":{"a":0,"k":[100,100],"ix":3},"sk":{"a":0,"k":0,"ix":4},"p":{"a":0,"k":[139.775,113.093],"ix":2},"r":{"a":0,"k":0,"ix":6},"sa":{"a":0,"k":0,"ix":5},"o":{"a":0,"k":100,"ix":7}}]},{"ty":"gr","bm":0,"cl":"","ln":"","hd":false,"mn":"ADBE Vector Group","nm":"Group 5","ix":5,"cix":2,"np":2,"it":[{"ty":"sh","bm":0,"cl":"","ln":"","hd":false,"mn":"ADBE Vector Shape - Group","nm":"Path 1","ix":1,"d":1,"ks":{"a":0,"k":{"c":true,"i":[[0,28.866],[-62.258,0],[0,-62.257],[62.256,0],[12.651,4.913],[20.659,0],[-1.699,23.635]],"o":[[0,-62.257],[62.256,0],[0,62.258],[-14.386,0],[-13.049,9.614],[0,0],[-17.844,-19.942]],"v":[[-112.727,-4.797],[0.001,-117.524],[112.727,-4.797],[0.001,107.931],[-40.778,100.294],[-91.326,117.524],[-84.021,70.331]]},"ix":2}},{"ty":"fl","bm":0,"cl":"","ln":"","hd":false,"mn":"ADBE Vector Graphic - Fill","nm":"Fill 1","c":{"a":0,"k":[0.1725,0.4549,0.702],"ix":4},"r":1,"o":{"a":0,"k":100,"ix":5}},{"ty":"tr","a":{"a":0,"k":[0,0],"ix":1},"s":{"a":0,"k":[100,100],"ix":3},"sk":{"a":0,"k":0,"ix":4},"p":{"a":0,"k":[112.977,117.774],"ix":2},"r":{"a":0,"k":0,"ix":6},"sa":{"a":0,"k":0,"ix":5},"o":{"a":0,"k":100,"ix":7}}]}],"ind":1},{"ty":4,"nm":"Layer 4 Outlines","mn":"","sr":1,"st":0,"op":111,"ip":0,"hd":false,"cl":"","ln":"","ddd":0,"bm":0,"hasMask":false,"ao":0,"ks":{"a":{"a":0,"k":[223.272,232.762,0],"ix":1},"s":{"a":0,"k":[100,100,100],"ix":6},"sk":{"a":0,"k":0},"p":{"a":0,"k":[360.641,295.262,0],"ix":2},"r":{"a":1,"k":[{"o":{"x":0.333,"y":0},"i":{"x":0.667,"y":1},"s":[0],"t":0},{"o":{"x":0.333,"y":0},"i":{"x":0.667,"y":1},"s":[5],"t":30},{"o":{"x":0.167,"y":0.167},"i":{"x":0.833,"y":0.833},"s":[0],"t":60}],"ix":10},"sa":{"a":0,"k":0},"o":{"a":0,"k":100,"ix":11}},"ef":[],"shapes":[{"ty":"gr","bm":0,"cl":"","ln":"","hd":false,"mn":"ADBE Vector Group","nm":"Group 1","ix":1,"cix":2,"np":2,"it":[{"ty":"sh","bm":0,"cl":"","ln":"","hd":false,"mn":"ADBE Vector Shape - Group","nm":"Path 1","ix":1,"d":1,"ks":{"a":0,"k":{"c":true,"i":[[9.49,0],[0,42.706],[-14.236,0],[-4.745,-14.236],[-14.236,0],[0,-18.981]],"o":[[-4.745,0],[0,-18.981],[14.236,0],[4.745,-14.236],[14.235,0],[0,42.706]],"v":[[0,47.451],[-56.942,-18.98],[-28.471,-47.451],[0,-23.725],[28.471,-47.451],[56.942,-18.98]]},"ix":2}},{"ty":"fl","bm":0,"cl":"","ln":"","hd":false,"mn":"ADBE Vector Graphic - Fill","nm":"Fill 1","c":{"a":0,"k":[1,1,1],"ix":4},"r":1,"o":{"a":0,"k":100,"ix":5}},{"ty":"tr","a":{"a":0,"k":[0,0],"ix":1},"s":{"a":0,"k":[100,100],"ix":3},"sk":{"a":0,"k":0,"ix":4},"p":{"a":0,"k":[112.351,121.087],"ix":2},"r":{"a":0,"k":0,"ix":6},"sa":{"a":0,"k":0,"ix":5},"o":{"a":0,"k":100,"ix":7}}]},{"ty":"gr","bm":0,"cl":"","ln":"","hd":false,"mn":"ADBE Vector Group","nm":"Group 2","ix":2,"cix":2,"np":2,"it":[{"ty":"sh","bm":0,"cl":"","ln":"","hd":false,"mn":"ADBE Vector Shape - Group","nm":"Path 1","ix":1,"d":1,"ks":{"a":0,"k":{"c":true,"i":[[0,28.554],[61.586,0],[0,-61.586],[-61.586,0],[-12.514,4.859],[-20.435,0],[1.68,23.38]],"o":[[0,-61.586],[-61.586,0],[0,61.585],[14.23,0],[12.908,9.509],[0,0],[17.65,-19.727]],"v":[[111.511,-4.745],[0,-116.256],[-111.511,-4.745],[0,106.766],[40.338,99.212],[90.34,116.256],[83.115,69.572]]},"ix":2}},{"ty":"fl","bm":0,"cl":"","ln":"","hd":false,"mn":"ADBE Vector Graphic - Fill","nm":"Fill 1","c":{"a":0,"k":[0.1725,0.4549,0.702],"ix":4},"r":1,"o":{"a":0,"k":100,"ix":5}},{"ty":"tr","a":{"a":0,"k":[0,0],"ix":1},"s":{"a":0,"k":[100,100],"ix":3},"sk":{"a":0,"k":0,"ix":4},"p":{"a":0,"k":[111.761,116.506],"ix":2},"r":{"a":0,"k":0,"ix":6},"sa":{"a":0,"k":0,"ix":5},"o":{"a":0,"k":100,"ix":7}}]}],"ind":2},{"ty":4,"nm":"Layer 5 Outlines","mn":"","sr":1,"st":0,"op":111,"ip":0,"hd":false,"cl":"","ln":"","ddd":0,"bm":0,"hasMask":false,"ao":0,"ks":{"a":{"a":0,"k":[223.272,232.762,0],"ix":1},"s":{"a":0,"k":[100,100,100],"ix":6},"sk":{"a":0,"k":0},"p":{"a":0,"k":[270.409,537.376,0],"ix":2},"r":{"a":1,"k":[{"o":{"x":0.333,"y":0},"i":{"x":0.667,"y":1},"s":[0],"t":0},{"o":{"x":0.333,"y":0},"i":{"x":0.667,"y":1},"s":[-5],"t":30},{"o":{"x":0.167,"y":0.167},"i":{"x":0.833,"y":0.833},"s":[0],"t":60}],"ix":10},"sa":{"a":0,"k":0},"o":{"a":0,"k":100,"ix":11}},"ef":[],"shapes":[{"ty":"gr","bm":0,"cl":"","ln":"","hd":false,"mn":"ADBE Vector Group","nm":"Group 1","ix":1,"cix":2,"np":2,"it":[{"ty":"sh","bm":0,"cl":"","ln":"","hd":false,"mn":"ADBE Vector Shape - Group","nm":"Path 1","ix":1,"d":1,"ks":{"a":0,"k":{"c":true,"i":[[0,-11.54],[11.54,0],[0,11.54],[-11.54,0]],"o":[[0,11.54],[-11.54,0],[0,-11.54],[11.54,0]],"v":[[20.895,0],[-0.001,20.895],[-20.895,0],[-0.001,-20.895]]},"ix":2}},{"ty":"fl","bm":0,"cl":"","ln":"","hd":false,"mn":"ADBE Vector Graphic - Fill","nm":"Fill 1","c":{"a":0,"k":[0.9804,0.9529,0.9294],"ix":4},"r":1,"o":{"a":0,"k":100,"ix":5}},{"ty":"tr","a":{"a":0,"k":[0,0],"ix":1},"s":{"a":0,"k":[100,100],"ix":3},"sk":{"a":0,"k":0,"ix":4},"p":{"a":0,"k":[175.193,109.605],"ix":2},"r":{"a":0,"k":0,"ix":6},"sa":{"a":0,"k":0,"ix":5},"o":{"a":0,"k":100,"ix":7}}]},{"ty":"gr","bm":0,"cl":"","ln":"","hd":false,"mn":"ADBE Vector Group","nm":"Group 2","ix":2,"cix":2,"np":2,"it":[{"ty":"sh","bm":0,"cl":"","ln":"","hd":false,"mn":"ADBE Vector Shape - Group","nm":"Path 1","ix":1,"d":1,"ks":{"a":0,"k":{"c":true,"i":[[0,-11.54],[11.541,0],[0,11.54],[-11.539,0]],"o":[[0,11.54],[-11.539,0],[0,-11.54],[11.541,0]],"v":[[20.895,0],[-0.001,20.895],[-20.895,0],[-0.001,-20.895]]},"ix":2}},{"ty":"fl","bm":0,"cl":"","ln":"","hd":false,"mn":"ADBE Vector Graphic - Fill","nm":"Fill 1","c":{"a":0,"k":[0.9804,0.9529,0.9294],"ix":4},"r":1,"o":{"a":0,"k":100,"ix":5}},{"ty":"tr","a":{"a":0,"k":[0,0],"ix":1},"s":{"a":0,"k":[100,100],"ix":3},"sk":{"a":0,"k":0,"ix":4},"p":{"a":0,"k":[112.509,109.605],"ix":2},"r":{"a":0,"k":0,"ix":6},"sa":{"a":0,"k":0,"ix":5},"o":{"a":0,"k":100,"ix":7}}]},{"ty":"gr","bm":0,"cl":"","ln":"","hd":false,"mn":"ADBE Vector Group","nm":"Group 3","ix":3,"cix":2,"np":2,"it":[{"ty":"sh","bm":0,"cl":"","ln":"","hd":false,"mn":"ADBE Vector Shape - Group","nm":"Path 1","ix":1,"d":1,"ks":{"a":0,"k":{"c":true,"i":[[0,-11.54],[11.54,0],[0,11.54],[-11.54,0]],"o":[[0,11.54],[-11.54,0],[0,-11.54],[11.54,0]],"v":[[20.895,0],[0,20.895],[-20.895,0],[0,-20.895]]},"ix":2}},{"ty":"fl","bm":0,"cl":"","ln":"","hd":false,"mn":"ADBE Vector Graphic - Fill","nm":"Fill 1","c":{"a":0,"k":[0.9804,0.9529,0.9294],"ix":4},"r":1,"o":{"a":0,"k":100,"ix":5}},{"ty":"tr","a":{"a":0,"k":[0,0],"ix":1},"s":{"a":0,"k":[100,100],"ix":3},"sk":{"a":0,"k":0,"ix":4},"p":{"a":0,"k":[49.825,109.605],"ix":2},"r":{"a":0,"k":0,"ix":6},"sa":{"a":0,"k":0,"ix":5},"o":{"a":0,"k":100,"ix":7}}]},{"ty":"gr","bm":0,"cl":"","ln":"","hd":false,"mn":"ADBE Vector Group","nm":"Group 4","ix":4,"cix":2,"np":2,"it":[{"ty":"sh","bm":0,"cl":"","ln":"","hd":false,"mn":"ADBE Vector Shape - Group","nm":"Path 1","ix":1,"d":1,"ks":{"a":0,"k":{"c":true,"i":[[0,28.554],[61.586,0],[0,-61.585],[-61.586,0],[-12.514,4.859],[-20.435,0],[1.68,23.381]],"o":[[0,-61.585],[-61.586,0],[0,61.586],[14.23,0],[12.908,9.509],[0,0],[17.65,-19.727]],"v":[[111.511,-4.745],[0,-116.256],[-111.511,-4.745],[0,106.766],[40.338,99.213],[90.34,116.256],[83.115,69.572]]},"ix":2}},{"ty":"fl","bm":0,"cl":"","ln":"","hd":false,"mn":"ADBE Vector Graphic - Fill","nm":"Fill 1","c":{"a":0,"k":[0.1725,0.4549,0.702],"ix":4},"r":1,"o":{"a":0,"k":100,"ix":5}},{"ty":"tr","a":{"a":0,"k":[0,0],"ix":1},"s":{"a":0,"k":[100,100],"ix":3},"sk":{"a":0,"k":0,"ix":4},"p":{"a":0,"k":[111.761,116.506],"ix":2},"r":{"a":0,"k":0,"ix":6},"sa":{"a":0,"k":0,"ix":5},"o":{"a":0,"k":100,"ix":7}}]}],"ind":3},{"ty":4,"nm":"Layer 6 Outlines","mn":"","sr":1,"st":0,"op":111,"ip":0,"hd":false,"cl":"","ln":"","ddd":0,"bm":0,"hasMask":false,"ao":0,"ks":{"a":{"a":0,"k":[35.838,180.565,0],"ix":1},"s":{"a":0,"k":[100,100,100],"ix":6},"sk":{"a":0,"k":0},"p":{"a":0,"k":[676.119,760.397,0],"ix":2},"r":{"a":1,"k":[{"o":{"x":0.333,"y":0},"i":{"x":0.667,"y":1},"s":[0],"t":0},{"o":{"x":0.333,"y":0},"i":{"x":0.667,"y":1},"s":[5],"t":30},{"o":{"x":0.167,"y":0.167},"i":{"x":0.833,"y":0.833},"s":[0],"t":60}],"ix":10},"sa":{"a":0,"k":0},"o":{"a":0,"k":100,"ix":11}},"ef":[],"shapes":[{"ty":"gr","bm":0,"cl":"","ln":"","hd":false,"mn":"ADBE Vector Group","nm":"Group 1","ix":1,"cix":2,"np":2,"it":[{"ty":"sh","bm":0,"cl":"","ln":"","hd":false,"mn":"ADBE Vector Shape - Group","nm":"Path 1","ix":1,"d":1,"ks":{"a":0,"k":{"c":true,"i":[[-28.471,18.98],[0,-28.47],[14.236,0],[0,18.981],[0,0]],"o":[[0,0],[0,28.471],[-14.235,0],[0,0],[0,0]],"v":[[21.353,-85.413],[35.588,47.452],[-2.373,90.158],[-30.843,56.941],[-35.588,-90.158]]},"ix":2}},{"ty":"fl","bm":0,"cl":"","ln":"","hd":false,"mn":"ADBE Vector Graphic - Fill","nm":"Fill 1","c":{"a":0,"k":[0.1725,0.4549,0.702],"ix":4},"r":1,"o":{"a":0,"k":100,"ix":5}},{"ty":"tr","a":{"a":0,"k":[0,0],"ix":1},"s":{"a":0,"k":[100,100],"ix":3},"sk":{"a":0,"k":0,"ix":4},"p":{"a":0,"k":[35.838,90.407],"ix":2},"r":{"a":0,"k":0,"ix":6},"sa":{"a":0,"k":0,"ix":5},"o":{"a":0,"k":100,"ix":7}}]}],"ind":4},{"ty":4,"nm":"Layer 7 Outlines","mn":"","sr":1,"st":0,"op":111,"ip":0,"hd":false,"cl":"","ln":"","ddd":0,"bm":0,"hasMask":false,"ao":0,"ks":{"a":{"a":0,"k":[42.292,151.04,0],"ix":1},"s":{"a":0,"k":[100,100,100],"ix":6},"sk":{"a":0,"k":0},"p":{"a":0,"k":[32.801,22.921,0],"ix":2},"r":{"a":1,"k":[{"o":{"x":0.25,"y":0},"i":{"x":0.75,"y":1},"s":[-10],"t":0},{"o":{"x":0.25,"y":0},"i":{"x":0.75,"y":1},"s":[-1],"t":30},{"o":{"x":0.167,"y":0.167},"i":{"x":0.833,"y":0.833},"s":[-10],"t":60}],"ix":10},"sa":{"a":0,"k":0},"o":{"a":0,"k":100,"ix":11}},"ef":[],"shapes":[{"ty":"gr","bm":0,"cl":"","ln":"","hd":false,"mn":"ADBE Vector Group","nm":"Group 1","ix":1,"cix":2,"np":2,"it":[{"ty":"sh","bm":0,"cl":"","ln":"","hd":false,"mn":"ADBE Vector Shape - Group","nm":"Path 1","ix":1,"d":1,"ks":{"a":0,"k":{"c":true,"i":[[0.25,0],[0.334,0.994],[0.135,0.091],[-0.728,1.092],[-1.099,-0.735],[-4.948,-14.835],[1.242,-0.412]],"o":[[-0.991,0],[-4.421,-13.267],[-1.089,-0.729],[0.727,-1.084],[0.606,0.405],[0.413,1.245],[-0.25,0.083]],"v":[[9.509,14.403],[7.257,12.782],[-10.789,-9.722],[-11.446,-13.014],[-8.155,-13.668],[11.76,11.28],[10.259,14.28]]},"ix":2}},{"ty":"fl","bm":0,"cl":"","ln":"","hd":false,"mn":"ADBE Vector Graphic - Fill","nm":"Fill 1","c":{"a":0,"k":[0.9176,0.5882,0.502],"ix":4},"r":1,"o":{"a":0,"k":100,"ix":5}},{"ty":"tr","a":{"a":0,"k":[0,0],"ix":1},"s":{"a":0,"k":[100,100],"ix":3},"sk":{"a":0,"k":0,"ix":4},"p":{"a":0,"k":[38.192,83.122],"ix":2},"r":{"a":0,"k":0,"ix":6},"sa":{"a":0,"k":0,"ix":5},"o":{"a":0,"k":100,"ix":7}}]},{"ty":"gr","bm":0,"cl":"","ln":"","hd":false,"mn":"ADBE Vector Group","nm":"Group 2","ix":2,"cix":2,"np":2,"it":[{"ty":"sh","bm":0,"cl":"","ln":"","hd":false,"mn":"ADBE Vector Shape - Group","nm":"Path 1","ix":1,"d":1,"ks":{"a":0,"k":{"c":true,"i":[[1.135,0],[0.13,0.023],[-0.218,1.293],[0,0],[-1.278,-0.227],[0.218,-1.293],[0,0]],"o":[[-0.13,0],[-1.292,-0.216],[0,0],[0.218,-1.293],[1.293,0.216],[0,0],[-0.194,1.161]],"v":[[-2.367,16.705],[-2.762,16.673],[-4.712,13.944],[0.033,-14.527],[2.762,-16.478],[4.712,-13.749],[-0.033,14.723]]},"ix":2}},{"ty":"fl","bm":0,"cl":"","ln":"","hd":false,"mn":"ADBE Vector Graphic - Fill","nm":"Fill 1","c":{"a":0,"k":[0.9176,0.5882,0.502],"ix":4},"r":1,"o":{"a":0,"k":100,"ix":5}},{"ty":"tr","a":{"a":0,"k":[0,0],"ix":1},"s":{"a":0,"k":[100,100],"ix":3},"sk":{"a":0,"k":0,"ix":4},"p":{"a":0,"k":[71.427,40.486],"ix":2},"r":{"a":0,"k":0,"ix":6},"sa":{"a":0,"k":0,"ix":5},"o":{"a":0,"k":100,"ix":7}}]},{"ty":"gr","bm":0,"cl":"","ln":"","hd":false,"mn":"ADBE Vector Group","nm":"Group 3","ix":3,"cix":2,"np":2,"it":[{"ty":"sh","bm":0,"cl":"","ln":"","hd":false,"mn":"ADBE Vector Shape - Group","nm":"Path 1","ix":1,"d":1,"ks":{"a":0,"k":{"c":true,"i":[[1.159,0],[0.111,0.016],[-0.185,1.297],[0,0],[-1.264,-0.197],[0.184,-1.298],[0,0]],"o":[[-0.11,0],[-1.298,-0.185],[0,0],[0.19,-1.3],[1.298,0.186],[0,0],[-0.172,1.184]],"v":[[-2.368,19.067],[-2.706,19.045],[-4.722,16.36],[0.024,-16.856],[2.706,-18.871],[4.723,-16.184],[-0.022,17.03]]},"ix":2}},{"ty":"fl","bm":0,"cl":"","ln":"","hd":false,"mn":"ADBE Vector Graphic - Fill","nm":"Fill 1","c":{"a":0,"k":[0.9176,0.5882,0.502],"ix":4},"r":1,"o":{"a":0,"k":100,"ix":5}},{"ty":"tr","a":{"a":0,"k":[0,0],"ix":1},"s":{"a":0,"k":[100,100],"ix":3},"sk":{"a":0,"k":0,"ix":4},"p":{"a":0,"k":[57.191,38.124],"ix":2},"r":{"a":0,"k":0,"ix":6},"sa":{"a":0,"k":0,"ix":5},"o":{"a":0,"k":100,"ix":7}}]},{"ty":"gr","bm":0,"cl":"","ln":"","hd":false,"mn":"ADBE Vector Group","nm":"Group 4","ix":4,"cix":2,"np":2,"it":[{"ty":"sh","bm":0,"cl":"","ln":"","hd":false,"mn":"ADBE Vector Shape - Group","nm":"Path 1","ix":1,"d":1,"ks":{"a":0,"k":{"c":true,"i":[[1.158,0],[0.11,0.016],[-0.185,1.297],[0,0],[-1.269,-0.19],[0.185,-1.298],[0,0]],"o":[[-0.111,0],[-1.298,-0.185],[0,0],[0.185,-1.298],[1.297,0.186],[0,0],[-0.172,1.184]],"v":[[-2.368,19.064],[-2.706,19.041],[-4.722,16.356],[0.023,-16.86],[2.706,-18.874],[4.722,-16.188],[-0.023,17.027]]},"ix":2}},{"ty":"fl","bm":0,"cl":"","ln":"","hd":false,"mn":"ADBE Vector Graphic - Fill","nm":"Fill 1","c":{"a":0,"k":[0.9176,0.5882,0.502],"ix":4},"r":1,"o":{"a":0,"k":100,"ix":5}},{"ty":"tr","a":{"a":0,"k":[0,0],"ix":1},"s":{"a":0,"k":[100,100],"ix":3},"sk":{"a":0,"k":0,"ix":4},"p":{"a":0,"k":[40.583,35.755],"ix":2},"r":{"a":0,"k":0,"ix":6},"sa":{"a":0,"k":0,"ix":5},"o":{"a":0,"k":100,"ix":7}}]},{"ty":"gr","bm":0,"cl":"","ln":"","hd":false,"mn":"ADBE Vector Group","nm":"Group 5","ix":5,"cix":2,"np":2,"it":[{"ty":"sh","bm":0,"cl":"","ln":"","hd":false,"mn":"ADBE Vector Shape - Group","nm":"Path 1","ix":1,"d":1,"ks":{"a":0,"k":{"c":true,"i":[[0,0],[0,0],[0,0],[0,0]],"o":[[0,0],[18.98,18.98],[0,0],[-33.12,-1.953]],"v":[[-14.235,-21.353],[-18.98,2.373],[18.98,2.373],[18.98,-7.413]]},"ix":2}},{"ty":"fl","bm":0,"cl":"","ln":"","hd":false,"mn":"ADBE Vector Graphic - Fill","nm":"Fill 1","c":{"a":0,"k":[0.9176,0.5882,0.502],"ix":4},"r":1,"o":{"a":0,"k":100,"ix":5}},{"ty":"tr","a":{"a":0,"k":[0,0],"ix":1},"s":{"a":0,"k":[100,100],"ix":3},"sk":{"a":0,"k":0,"ix":4},"p":{"a":0,"k":[38.211,140.231],"ix":2},"r":{"a":0,"k":0,"ix":6},"sa":{"a":0,"k":0,"ix":5},"o":{"a":0,"k":100,"ix":7}}]},{"ty":"gr","bm":0,"cl":"","ln":"","hd":false,"mn":"ADBE Vector Group","nm":"Group 6","ix":6,"cix":2,"np":2,"it":[{"ty":"sh","bm":0,"cl":"","ln":"","hd":false,"mn":"ADBE Vector Shape - Group","nm":"Path 1","ix":1,"d":1,"ks":{"a":0,"k":{"c":true,"i":[[18.98,18.98],[0,0],[0,18.98],[-4.745,4.745],[0,-9.491],[-9.49,0],[0,0],[-9.49,0],[0,0],[-4.745,0],[0,0],[0,-14.236],[9.491,-14.235],[0,0],[0,0]],"o":[[0,0],[0,0],[0,-18.981],[4.745,-4.745],[0,0],[9.491,0],[0,0],[9.49,0],[0,0],[9.49,0],[0,0],[0,14.235],[-5.885,8.829],[0,0],[0,0]],"v":[[-21.353,61.687],[-16.608,37.961],[-30.844,4.746],[-35.589,-33.216],[-16.608,-14.235],[-7.118,-75.922],[2.372,-66.432],[11.862,-80.667],[16.608,-66.432],[21.353,-71.177],[30.843,-56.941],[40.333,-47.451],[30.843,23.726],[16.608,37.961],[16.608,61.687]]},"ix":2}},{"ty":"fl","bm":0,"cl":"","ln":"","hd":false,"mn":"ADBE Vector Graphic - Fill","nm":"Fill 1","c":{"a":0,"k":[1,0.7412,0.651],"ix":4},"r":1,"o":{"a":0,"k":100,"ix":5}},{"ty":"tr","a":{"a":0,"k":[0,0],"ix":1},"s":{"a":0,"k":[100,100],"ix":3},"sk":{"a":0,"k":0,"ix":4},"p":{"a":0,"k":[40.583,80.917],"ix":2},"r":{"a":0,"k":0,"ix":6},"sa":{"a":0,"k":0,"ix":5},"o":{"a":0,"k":100,"ix":7}}]}],"ind":5,"parent":4},{"ty":4,"nm":"Layer 8 Outlines","mn":"","sr":1,"st":0,"op":111,"ip":0,"hd":false,"cl":"","ln":"","ddd":0,"bm":0,"hasMask":false,"ao":0,"ks":{"a":{"a":0,"k":[28.72,16.857,0],"ix":1},"s":{"a":0,"k":[100,100,100],"ix":6},"sk":{"a":0,"k":0},"p":{"a":0,"k":[28.567,7.374,0],"ix":2},"r":{"a":0,"k":-0.051,"ix":10},"sa":{"a":0,"k":0},"o":{"a":0,"k":100,"ix":11}},"ef":[],"shapes":[{"ty":"gr","bm":0,"cl":"","ln":"","hd":false,"mn":"ADBE Vector Group","nm":"Group 1","ix":1,"cix":2,"np":2,"it":[{"ty":"sh","bm":0,"cl":"","ln":"","hd":false,"mn":"ADBE Vector Shape - Group","nm":"Path 1","ix":1,"d":1,"ks":{"a":0,"k":{"c":true,"i":[[-28.471,18.98],[18.981,4.745],[0,0]],"o":[[0,0],[-18.98,-4.745],[0,0]],"v":[[28.471,-2.373],[0,-11.863],[-28.471,-7.118]]},"ix":2}},{"ty":"fl","bm":0,"cl":"","ln":"","hd":false,"mn":"ADBE Vector Graphic - Fill","nm":"Fill 1","c":{"a":0,"k":[0.7216,0.4941,0.0118],"ix":4},"r":1,"o":{"a":0,"k":100,"ix":5}},{"ty":"tr","a":{"a":0,"k":[0,0],"ix":1},"s":{"a":0,"k":[100,100],"ix":3},"sk":{"a":0,"k":0,"ix":4},"p":{"a":0,"k":[28.72,16.858],"ix":2},"r":{"a":0,"k":0,"ix":6},"sa":{"a":0,"k":0,"ix":5},"o":{"a":0,"k":100,"ix":7}}]}],"ind":6,"parent":4},{"ty":4,"nm":"face-bdy","mn":"","sr":1,"st":0,"op":111,"ip":0,"hd":false,"cl":"","ln":"","ddd":0,"bm":0,"hasMask":false,"ao":0,"ks":{"a":{"a":0,"k":[237.507,0.25,0],"ix":1},"s":{"a":0,"k":[100,100,100],"ix":6},"sk":{"a":0,"k":0},"p":{"a":0,"k":[521.901,200.471,0],"ix":2},"r":{"a":0,"k":0,"ix":10},"sa":{"a":0,"k":0},"o":{"a":0,"k":100,"ix":11}},"ef":[],"shapes":[{"ty":"gr","bm":0,"cl":"","ln":"","hd":false,"mn":"ADBE Vector Group","nm":"Group 1","ix":1,"cix":2,"np":4,"it":[{"ty":"sh","bm":0,"cl":"","ln":"","hd":false,"mn":"ADBE Vector Shape - Group","nm":"Path 1","ix":1,"d":1,"ks":{"a":0,"k":{"c":true,"i":[[0,0],[0.223,0.229],[0,0],[0,0],[-0.761,0.815],[0,0],[0,0],[0,0],[0,0],[0,0],[0,0],[0,0],[0,0],[0,0],[0,0]],"o":[[-0.848,0.787],[0,0],[0,0],[-0.227,-0.227],[0,0],[0,0],[0,0],[0,0],[0,0],[0,0],[0,0],[0,0],[0,0],[0,0],[0,0]],"v":[[7.275,14.001],[5.676,14.023],[-3.911,4.432],[-13.503,-5.156],[-13.503,-6.732],[-9.24,-10.997],[-7.387,-12.851],[-1.548,-7.012],[-3.962,-4.599],[-3.962,1.232],[-0.719,4.477],[5.12,4.477],[7.53,2.066],[13.369,7.906],[11.51,9.761]]},"ix":2}},{"ty":"sh","bm":0,"cl":"","ln":"","hd":false,"mn":"ADBE Vector Shape - Group","nm":"Path 2","ix":2,"d":1,"ks":{"a":0,"k":{"c":true,"i":[[0,0],[0,0],[0,0],[0,0],[0,0],[0,0],[0,0],[0,0],[0,0],[-2.544,-2.548],[0,0],[0,0],[-1.103,0],[-0.797,0.794],[0,0],[0,0]],"o":[[0,0],[0,0],[0,0],[0,0],[0,0],[0,0],[0,0],[0,0],[-1.39,1.396],[0,0],[0,0],[1.098,1.101],[1.455,0],[0,0],[0,0],[0,0]],"v":[[7.53,-3.305],[3.545,0.682],[0.857,0.682],[-0.162,-0.339],[-0.162,-3.029],[3.818,-7.012],[-7.387,-18.216],[-11.928,-13.68],[-16.191,-9.417],[-16.191,-2.473],[-6.599,7.115],[2.989,16.706],[6.376,18.216],[9.94,16.706],[14.198,12.443],[18.735,7.906]]},"ix":2}},{"ty":"mm","bm":0,"cl":"","ln":"","hd":false,"mn":"ADBE Vector Filter - Merge","nm":"Merge Paths 1","mm":1},{"ty":"fl","bm":0,"cl":"","ln":"","hd":false,"mn":"ADBE Vector Graphic - Fill","nm":"Fill 1","c":{"a":0,"k":[0.5216,0.5529,0.5765],"ix":4},"r":1,"o":{"a":0,"k":100,"ix":5}},{"ty":"tr","a":{"a":0,"k":[0,0],"ix":1},"s":{"a":0,"k":[100,100],"ix":3},"sk":{"a":0,"k":0,"ix":4},"p":{"a":0,"k":[275.339,664.468],"ix":2},"r":{"a":0,"k":0,"ix":6},"sa":{"a":0,"k":0,"ix":5},"o":{"a":0,"k":100,"ix":7}}]},{"ty":"gr","bm":0,"cl":"","ln":"","hd":false,"mn":"ADBE Vector Group","nm":"Group 2","ix":2,"cix":2,"np":2,"it":[{"ty":"sh","bm":0,"cl":"","ln":"","hd":false,"mn":"ADBE Vector Shape - Group","nm":"Path 1","ix":1,"d":1,"ks":{"a":0,"k":{"c":true,"i":[[0,0],[0,0],[0,0],[0,0]],"o":[[0,0],[0,0],[0,0],[0,0]],"v":[[-9.993,12.512],[-12.514,9.995],[9.993,-12.513],[12.514,-9.997]]},"ix":2}},{"ty":"fl","bm":0,"cl":"","ln":"","hd":false,"mn":"ADBE Vector Graphic - Fill","nm":"Fill 1","c":{"a":0,"k":[0.5216,0.5529,0.5765],"ix":4},"r":1,"o":{"a":0,"k":100,"ix":5}},{"ty":"tr","a":{"a":0,"k":[0,0],"ix":1},"s":{"a":0,"k":[100,100],"ix":3},"sk":{"a":0,"k":0,"ix":4},"p":{"a":0,"k":[168.093,660.443],"ix":2},"r":{"a":0,"k":0,"ix":6},"sa":{"a":0,"k":0,"ix":5},"o":{"a":0,"k":100,"ix":7}}]},{"ty":"gr","bm":0,"cl":"","ln":"","hd":false,"mn":"ADBE Vector Group","nm":"Group 3","ix":3,"cix":2,"np":2,"it":[{"ty":"sh","bm":0,"cl":"","ln":"","hd":false,"mn":"ADBE Vector Shape - Group","nm":"Path 1","ix":1,"d":1,"ks":{"a":0,"k":{"c":true,"i":[[0,0],[0,0],[0,0],[0,0]],"o":[[0,0],[0,0],[0,0],[0,0]],"v":[[5.628,1.779],[-5.628,1.779],[-5.628,-1.78],[5.628,-1.78]]},"ix":2}},{"ty":"fl","bm":0,"cl":"","ln":"","hd":false,"mn":"ADBE Vector Graphic - Fill","nm":"Fill 1","c":{"a":0,"k":[0.5216,0.5529,0.5765],"ix":4},"r":1,"o":{"a":0,"k":100,"ix":5}},{"ty":"tr","a":{"a":0,"k":[0,0],"ix":1},"s":{"a":0,"k":[100,100],"ix":3},"sk":{"a":0,"k":0,"ix":4},"p":{"a":0,"k":[168.094,680.138],"ix":2},"r":{"a":0,"k":0,"ix":6},"sa":{"a":0,"k":0,"ix":5},"o":{"a":0,"k":100,"ix":7}}]},{"ty":"gr","bm":0,"cl":"","ln":"","hd":false,"mn":"ADBE Vector Group","nm":"Group 4","ix":4,"cix":2,"np":2,"it":[{"ty":"sh","bm":0,"cl":"","ln":"","hd":false,"mn":"ADBE Vector Shape - Group","nm":"Path 1","ix":1,"d":1,"ks":{"a":0,"k":{"c":true,"i":[[0,0],[0,0],[0,0],[0,0]],"o":[[0,0],[0,0],[0,0],[0,0]],"v":[[1.779,4.22],[-1.779,4.22],[-1.779,-4.22],[1.779,-4.22]]},"ix":2}},{"ty":"fl","bm":0,"cl":"","ln":"","hd":false,"mn":"ADBE Vector Graphic - Fill","nm":"Fill 1","c":{"a":0,"k":[0.5216,0.5529,0.5765],"ix":4},"r":1,"o":{"a":0,"k":100,"ix":5}},{"ty":"tr","a":{"a":0,"k":[0,0],"ix":1},"s":{"a":0,"k":[100,100],"ix":3},"sk":{"a":0,"k":0,"ix":4},"p":{"a":0,"k":[168.096,675.917],"ix":2},"r":{"a":0,"k":0,"ix":6},"sa":{"a":0,"k":0,"ix":5},"o":{"a":0,"k":100,"ix":7}}]},{"ty":"gr","bm":0,"cl":"","ln":"","hd":false,"mn":"ADBE Vector Group","nm":"Group 5","ix":5,"cix":2,"np":2,"it":[{"ty":"sh","bm":0,"cl":"","ln":"","hd":false,"mn":"ADBE Vector Shape - Group","nm":"Path 1","ix":1,"d":1,"ks":{"a":0,"k":{"c":true,"i":[[0,0],[0,0],[0,0],[0,0],[0,0],[0,0]],"o":[[0,0],[0,0],[0,0],[0,0],[0,0],[0,0]],"v":[[-3.66,7.22],[-7.219,7.22],[-7.219,-7.221],[7.219,-7.221],[7.219,-3.663],[-3.66,-3.663]]},"ix":2}},{"ty":"fl","bm":0,"cl":"","ln":"","hd":false,"mn":"ADBE Vector Graphic - Fill","nm":"Fill 1","c":{"a":0,"k":[0.5216,0.5529,0.5765],"ix":4},"r":1,"o":{"a":0,"k":100,"ix":5}},{"ty":"tr","a":{"a":0,"k":[0,0],"ix":1},"s":{"a":0,"k":[100,100],"ix":3},"sk":{"a":0,"k":0,"ix":4},"p":{"a":0,"k":[166.502,654.629],"ix":2},"r":{"a":0,"k":0,"ix":6},"sa":{"a":0,"k":0,"ix":5},"o":{"a":0,"k":100,"ix":7}}]},{"ty":"gr","bm":0,"cl":"","ln":"","hd":false,"mn":"ADBE Vector Group","nm":"Group 6","ix":6,"cix":2,"np":2,"it":[{"ty":"sh","bm":0,"cl":"","ln":"","hd":false,"mn":"ADBE Vector Shape - Group","nm":"Path 1","ix":1,"d":1,"ks":{"a":0,"k":{"c":true,"i":[[0,0],[0,0],[0,0],[0,0],[0,0],[0,0],[0,0],[0,0]],"o":[[0,0],[0,0],[0,0],[0,0],[0,0],[0,0],[0,0],[0,0]],"v":[[4.771,7.22],[-7.222,7.22],[-7.222,3.661],[3.297,3.661],[3.664,3.297],[3.664,-7.221],[7.222,-7.221],[7.222,4.771]]},"ix":2}},{"ty":"fl","bm":0,"cl":"","ln":"","hd":false,"mn":"ADBE Vector Graphic - Fill","nm":"Fill 1","c":{"a":0,"k":[0.5216,0.5529,0.5765],"ix":4},"r":1,"o":{"a":0,"k":100,"ix":5}},{"ty":"tr","a":{"a":0,"k":[0,0],"ix":1},"s":{"a":0,"k":[100,100],"ix":3},"sk":{"a":0,"k":0,"ix":4},"p":{"a":0,"k":[169.687,666.256],"ix":2},"r":{"a":0,"k":0,"ix":6},"sa":{"a":0,"k":0,"ix":5},"o":{"a":0,"k":100,"ix":7}}]},{"ty":"gr","bm":0,"cl":"","ln":"","hd":false,"mn":"ADBE Vector Group","nm":"Group 7","ix":7,"cix":2,"np":4,"it":[{"ty":"sh","bm":0,"cl":"","ln":"","hd":false,"mn":"ADBE Vector Shape - Group","nm":"Path 1","ix":1,"d":1,"ks":{"a":0,"k":{"c":true,"i":[[0,0],[0,0],[0,0],[0,0],[0,0],[0,0],[0,0],[0,0],[0,0],[0,0]],"o":[[0,0],[0,0],[0,0],[0,0],[0,0],[0,0],[0,0],[0,0],[0,0],[0,0]],"v":[[-13.346,8.305],[3.262,8.305],[3.262,2.162],[10.506,5.784],[13.345,5.784],[13.345,-5.785],[10.506,-5.785],[3.262,-2.164],[3.262,-8.305],[-13.346,-8.305]]},"ix":2}},{"ty":"sh","bm":0,"cl":"","ln":"","hd":false,"mn":"ADBE Vector Shape - Group","nm":"Path 2","ix":2,"d":1,"ks":{"a":0,"k":{"c":true,"i":[[0,0],[0,0],[0,0],[0,0],[0,0],[0,0],[0,0],[0,0],[0,0],[0,0]],"o":[[0,0],[0,0],[0,0],[0,0],[0,0],[0,0],[0,0],[0,0],[0,0],[0,0]],"v":[[6.821,11.865],[-16.905,11.865],[-16.905,-11.865],[6.821,-11.865],[6.821,-7.924],[10.084,-9.343],[16.905,-9.343],[16.905,9.344],[9.287,9.155],[6.821,7.922]]},"ix":2}},{"ty":"mm","bm":0,"cl":"","ln":"","hd":false,"mn":"ADBE Vector Filter - Merge","nm":"Merge Paths 1","mm":1},{"ty":"fl","bm":0,"cl":"","ln":"","hd":false,"mn":"ADBE Vector Graphic - Fill","nm":"Fill 1","c":{"a":0,"k":[0.5216,0.5529,0.5765],"ix":4},"r":1,"o":{"a":0,"k":100,"ix":5}},{"ty":"tr","a":{"a":0,"k":[0,0],"ix":1},"s":{"a":0,"k":[100,100],"ix":3},"sk":{"a":0,"k":0,"ix":4},"p":{"a":0,"k":[382.55,663.976],"ix":2},"r":{"a":0,"k":0,"ix":6},"sa":{"a":0,"k":0,"ix":5},"o":{"a":0,"k":100,"ix":7}}]},{"ty":"gr","bm":0,"cl":"","ln":"","hd":false,"mn":"ADBE Vector Group","nm":"Group 8","ix":8,"cix":2,"np":2,"it":[{"ty":"sh","bm":0,"cl":"","ln":"","hd":false,"mn":"ADBE Vector Shape - Group","nm":"Path 1","ix":1,"d":1,"ks":{"a":0,"k":{"c":true,"i":[[0,-23.586],[23.586,0],[0,23.586],[-23.586,0]],"o":[[0,23.586],[-23.586,0],[0,-23.586],[23.586,0]],"v":[[42.706,0],[0,42.706],[-42.706,0],[0,-42.706]]},"ix":2}},{"ty":"fl","bm":0,"cl":"","ln":"","hd":false,"mn":"ADBE Vector Graphic - Fill","nm":"Fill 1","c":{"a":0,"k":[0.8118,0.851,0.8824],"ix":4},"r":1,"o":{"a":0,"k":100,"ix":5}},{"ty":"tr","a":{"a":0,"k":[0,0],"ix":1},"s":{"a":0,"k":[100,100],"ix":3},"sk":{"a":0,"k":0,"ix":4},"p":{"a":0,"k":[379.862,664.571],"ix":2},"r":{"a":0,"k":0,"ix":6},"sa":{"a":0,"k":0,"ix":5},"o":{"a":0,"k":100,"ix":7}}]},{"ty":"gr","bm":0,"cl":"","ln":"","hd":false,"mn":"ADBE Vector Group","nm":"Group 9","ix":9,"cix":2,"np":2,"it":[{"ty":"sh","bm":0,"cl":"","ln":"","hd":false,"mn":"ADBE Vector Shape - Group","nm":"Path 1","ix":1,"d":1,"ks":{"a":0,"k":{"c":true,"i":[[0,-23.586],[23.586,0],[0,23.586],[-23.586,0]],"o":[[0,23.586],[-23.586,0],[0,-23.586],[23.586,0]],"v":[[42.707,0],[0,42.706],[-42.707,0],[0,-42.706]]},"ix":2}},{"ty":"fl","bm":0,"cl":"","ln":"","hd":false,"mn":"ADBE Vector Graphic - Fill","nm":"Fill 1","c":{"a":0,"k":[0.8118,0.851,0.8824],"ix":4},"r":1,"o":{"a":0,"k":100,"ix":5}},{"ty":"tr","a":{"a":0,"k":[0,0],"ix":1},"s":{"a":0,"k":[100,100],"ix":3},"sk":{"a":0,"k":0,"ix":4},"p":{"a":0,"k":[166.33,664.571],"ix":2},"r":{"a":0,"k":0,"ix":6},"sa":{"a":0,"k":0,"ix":5},"o":{"a":0,"k":100,"ix":7}}]},{"ty":"gr","bm":0,"cl":"","ln":"","hd":false,"mn":"ADBE Vector Group","nm":"Group 10","ix":10,"cix":2,"np":2,"it":[{"ty":"sh","bm":0,"cl":"","ln":"","hd":false,"mn":"ADBE Vector Shape - Group","nm":"Path 1","ix":1,"d":1,"ks":{"a":0,"k":{"c":true,"i":[[0,-23.586],[23.586,0],[0,23.586],[-23.585,0]],"o":[[0,23.586],[-23.585,0],[0,-23.586],[23.586,0]],"v":[[42.707,0],[-0.001,42.706],[-42.707,0],[-0.001,-42.706]]},"ix":2}},{"ty":"fl","bm":0,"cl":"","ln":"","hd":false,"mn":"ADBE Vector Graphic - Fill","nm":"Fill 1","c":{"a":0,"k":[0.8118,0.851,0.8824],"ix":4},"r":1,"o":{"a":0,"k":100,"ix":5}},{"ty":"tr","a":{"a":0,"k":[0,0],"ix":1},"s":{"a":0,"k":[100,100],"ix":3},"sk":{"a":0,"k":0,"ix":4},"p":{"a":0,"k":[273.096,664.571],"ix":2},"r":{"a":0,"k":0,"ix":6},"sa":{"a":0,"k":0,"ix":5},"o":{"a":0,"k":100,"ix":7}}]},{"ty":"gr","bm":0,"cl":"","ln":"","hd":false,"mn":"ADBE Vector Group","nm":"Group 11","ix":11,"cix":2,"np":2,"it":[{"ty":"sh","bm":0,"cl":"","ln":"","hd":false,"mn":"ADBE Vector Shape - Group","nm":"Path 1","ix":1,"d":1,"ks":{"a":0,"k":{"c":true,"i":[[0,-2.62],[2.62,0],[0,2.621],[-2.621,0]],"o":[[0,2.621],[-2.621,0],[0,-2.62],[2.62,0]],"v":[[4.745,0],[0,4.745],[-4.745,0],[0,-4.745]]},"ix":2}},{"ty":"fl","bm":0,"cl":"","ln":"","hd":false,"mn":"ADBE Vector Graphic - Fill","nm":"Fill 1","c":{"a":0,"k":[0.851,0.8431,0.8353],"ix":4},"r":1,"o":{"a":0,"k":100,"ix":5}},{"ty":"tr","a":{"a":0,"k":[0,0],"ix":1},"s":{"a":0,"k":[100,100],"ix":3},"sk":{"a":0,"k":0,"ix":4},"p":{"a":0,"k":[284.959,588.648],"ix":2},"r":{"a":0,"k":0,"ix":6},"sa":{"a":0,"k":0,"ix":5},"o":{"a":0,"k":100,"ix":7}}]},{"ty":"gr","bm":0,"cl":"","ln":"","hd":false,"mn":"ADBE Vector Group","nm":"Group 12","ix":12,"cix":2,"np":2,"it":[{"ty":"sh","bm":0,"cl":"","ln":"","hd":false,"mn":"ADBE Vector Shape - Group","nm":"Path 1","ix":1,"d":1,"ks":{"a":0,"k":{"c":true,"i":[[0,-2.621],[2.62,0],[0,2.621],[-2.621,0]],"o":[[0,2.621],[-2.621,0],[0,-2.621],[2.62,0]],"v":[[4.745,0],[0,4.745],[-4.745,0],[0,-4.745]]},"ix":2}},{"ty":"fl","bm":0,"cl":"","ln":"","hd":false,"mn":"ADBE Vector Graphic - Fill","nm":"Fill 1","c":{"a":0,"k":[0.851,0.8431,0.8353],"ix":4},"r":1,"o":{"a":0,"k":100,"ix":5}},{"ty":"tr","a":{"a":0,"k":[0,0],"ix":1},"s":{"a":0,"k":[100,100],"ix":3},"sk":{"a":0,"k":0,"ix":4},"p":{"a":0,"k":[284.959,531.706],"ix":2},"r":{"a":0,"k":0,"ix":6},"sa":{"a":0,"k":0,"ix":5},"o":{"a":0,"k":100,"ix":7}}]},{"ty":"gr","bm":0,"cl":"","ln":"","hd":false,"mn":"ADBE Vector Group","nm":"Group 13","ix":13,"cix":2,"np":2,"it":[{"ty":"sh","bm":0,"cl":"","ln":"","hd":false,"mn":"ADBE Vector Shape - Group","nm":"Path 1","ix":1,"d":1,"ks":{"a":0,"k":{"c":true,"i":[[0,-2.621],[2.62,0],[0,2.62],[-2.621,0]],"o":[[0,2.62],[-2.621,0],[0,-2.621],[2.62,0]],"v":[[4.745,0],[0,4.745],[-4.745,0],[0,-4.745]]},"ix":2}},{"ty":"fl","bm":0,"cl":"","ln":"","hd":false,"mn":"ADBE Vector Graphic - Fill","nm":"Fill 1","c":{"a":0,"k":[0.851,0.8431,0.8353],"ix":4},"r":1,"o":{"a":0,"k":100,"ix":5}},{"ty":"tr","a":{"a":0,"k":[0,0],"ix":1},"s":{"a":0,"k":[100,100],"ix":3},"sk":{"a":0,"k":0,"ix":4},"p":{"a":0,"k":[284.959,474.765],"ix":2},"r":{"a":0,"k":0,"ix":6},"sa":{"a":0,"k":0,"ix":5},"o":{"a":0,"k":100,"ix":7}}]},{"ty":"gr","bm":0,"cl":"","ln":"","hd":false,"mn":"ADBE Vector Group","nm":"Group 14","ix":14,"cix":2,"np":2,"it":[{"ty":"sh","bm":0,"cl":"","ln":"","hd":false,"mn":"ADBE Vector Shape - Group","nm":"Path 1","ix":1,"d":1,"ks":{"a":0,"k":{"c":true,"i":[[0,-2.62],[2.62,0],[0,2.621],[-2.621,0]],"o":[[0,2.621],[-2.621,0],[0,-2.62],[2.62,0]],"v":[[4.745,0],[0,4.745],[-4.745,0],[0,-4.745]]},"ix":2}},{"ty":"fl","bm":0,"cl":"","ln":"","hd":false,"mn":"ADBE Vector Graphic - Fill","nm":"Fill 1","c":{"a":0,"k":[0.851,0.8431,0.8353],"ix":4},"r":1,"o":{"a":0,"k":100,"ix":5}},{"ty":"tr","a":{"a":0,"k":[0,0],"ix":1},"s":{"a":0,"k":[100,100],"ix":3},"sk":{"a":0,"k":0,"ix":4},"p":{"a":0,"k":[284.959,417.823],"ix":2},"r":{"a":0,"k":0,"ix":6},"sa":{"a":0,"k":0,"ix":5},"o":{"a":0,"k":100,"ix":7}}]},{"ty":"gr","bm":0,"cl":"","ln":"","hd":false,"mn":"ADBE Vector Group","nm":"Group 15","ix":15,"cix":2,"np":2,"it":[{"ty":"sh","bm":0,"cl":"","ln":"","hd":false,"mn":"ADBE Vector Shape - Group","nm":"Path 1","ix":1,"d":1,"ks":{"a":0,"k":{"c":true,"i":[[0,-2.621],[2.62,0],[0,2.621],[-2.621,0]],"o":[[0,2.621],[-2.621,0],[0,-2.621],[2.62,0]],"v":[[4.745,0],[0,4.745],[-4.745,0],[0,-4.745]]},"ix":2}},{"ty":"fl","bm":0,"cl":"","ln":"","hd":false,"mn":"ADBE Vector Graphic - Fill","nm":"Fill 1","c":{"a":0,"k":[0.851,0.8431,0.8353],"ix":4},"r":1,"o":{"a":0,"k":100,"ix":5}},{"ty":"tr","a":{"a":0,"k":[0,0],"ix":1},"s":{"a":0,"k":[100,100],"ix":3},"sk":{"a":0,"k":0,"ix":4},"p":{"a":0,"k":[284.959,360.881],"ix":2},"r":{"a":0,"k":0,"ix":6},"sa":{"a":0,"k":0,"ix":5},"o":{"a":0,"k":100,"ix":7}}]},{"ty":"gr","bm":0,"cl":"","ln":"","hd":false,"mn":"ADBE Vector Group","nm":"Group 16","ix":16,"cix":2,"np":2,"it":[{"ty":"sh","bm":0,"cl":"","ln":"","hd":false,"mn":"ADBE Vector Shape - Group","nm":"Path 1","ix":1,"d":1,"ks":{"a":0,"k":{"c":true,"i":[[0,0],[0,0],[0,0],[0,0]],"o":[[0,0],[0,0],[0,0],[0,0]],"v":[[11.863,-14.038],[11.863,-14.434],[-11.863,0.198],[11.863,14.434]]},"ix":2}},{"ty":"fl","bm":0,"cl":"","ln":"","hd":false,"mn":"ADBE Vector Graphic - Fill","nm":"Fill 1","c":{"a":0,"k":[0.851,0.8431,0.8353],"ix":4},"r":1,"o":{"a":0,"k":100,"ix":5}},{"ty":"tr","a":{"a":0,"k":[0,0],"ix":1},"s":{"a":0,"k":[100,100],"ix":3},"sk":{"a":0,"k":0,"ix":4},"p":{"a":0,"k":[296.822,336.958],"ix":2},"r":{"a":0,"k":0,"ix":6},"sa":{"a":0,"k":0,"ix":5},"o":{"a":0,"k":100,"ix":7}}]},{"ty":"gr","bm":0,"cl":"","ln":"","hd":false,"mn":"ADBE Vector Group","nm":"Group 17","ix":17,"cix":2,"np":2,"it":[{"ty":"sh","bm":0,"cl":"","ln":"","hd":false,"mn":"ADBE Vector Shape - Group","nm":"Path 1","ix":1,"d":1,"ks":{"a":0,"k":{"c":true,"i":[[0,0],[0,0],[0,0],[0.058,-0.008],[0,0]],"o":[[0,0],[0,0],[-0.058,0.008],[0,0],[0,0]],"v":[[-11.772,14.433],[11.954,0.198],[-11.772,-14.433],[-11.954,-14.401],[-11.772,-14.037]]},"ix":2}},{"ty":"fl","bm":0,"cl":"","ln":"","hd":false,"mn":"ADBE Vector Graphic - Fill","nm":"Fill 1","c":{"a":0,"k":[0.851,0.8431,0.8353],"ix":4},"r":1,"o":{"a":0,"k":100,"ix":5}},{"ty":"tr","a":{"a":0,"k":[0,0],"ix":1},"s":{"a":0,"k":[100,100],"ix":3},"sk":{"a":0,"k":0,"ix":4},"p":{"a":0,"k":[273.005,336.957],"ix":2},"r":{"a":0,"k":0,"ix":6},"sa":{"a":0,"k":0,"ix":5},"o":{"a":0,"k":100,"ix":7}}]},{"ty":"gr","bm":0,"cl":"","ln":"","hd":false,"mn":"ADBE Vector Group","nm":"Group 18","ix":18,"cix":2,"np":2,"it":[{"ty":"sh","bm":0,"cl":"","ln":"","hd":false,"mn":"ADBE Vector Shape - Group","nm":"Path 1","ix":1,"d":1,"ks":{"a":0,"k":{"c":true,"i":[[9.49,23.727],[0,0],[31.423,14.053],[6.311,-68.322],[0,0]],"o":[[0,0],[0,0],[0.666,42.979],[0,0],[0,0]],"v":[[10.999,-39.998],[34.725,-111.175],[-31.564,-149.809],[-34.725,149.809],[20.489,149.809]]},"ix":2}},{"ty":"fl","bm":0,"cl":"","ln":"","hd":false,"mn":"ADBE Vector Graphic - Fill","nm":"Fill 1","c":{"a":0,"k":[0.1725,0.4549,0.702],"ix":4},"r":1,"o":{"a":0,"k":100,"ix":5}},{"ty":"tr","a":{"a":0,"k":[0,0],"ix":1},"s":{"a":0,"k":[100,100],"ix":3},"sk":{"a":0,"k":0,"ix":4},"p":{"a":0,"k":[368.863,481.546],"ix":2},"r":{"a":0,"k":0,"ix":6},"sa":{"a":0,"k":0,"ix":5},"o":{"a":0,"k":100,"ix":7}}]},{"ty":"gr","bm":0,"cl":"","ln":"","hd":false,"mn":"ADBE Vector Group","nm":"Group 19","ix":19,"cix":2,"np":2,"it":[{"ty":"sh","bm":0,"cl":"","ln":"","hd":false,"mn":"ADBE Vector Shape - Group","nm":"Path 1","ix":1,"d":1,"ks":{"a":0,"k":{"c":true,"i":[[0.665,42.979],[8.244,1.079],[0,0],[0,0],[0,0]],"o":[[-10.372,-4.639],[0,0],[0,0],[0,0],[6.31,-68.321]],"v":[[24.596,-145.203],[-4.02,-154.415],[-27.745,-139.784],[-27.745,154.415],[21.435,154.415]]},"ix":2}},{"ty":"fl","bm":0,"cl":"","ln":"","hd":false,"mn":"ADBE Vector Graphic - Fill","nm":"Fill 1","c":{"a":0,"k":[0.9686,0.9608,0.9529],"ix":4},"r":1,"o":{"a":0,"k":100,"ix":5}},{"ty":"tr","a":{"a":0,"k":[0,0],"ix":1},"s":{"a":0,"k":[100,100],"ix":3},"sk":{"a":0,"k":0,"ix":4},"p":{"a":0,"k":[312.704,476.94],"ix":2},"r":{"a":0,"k":0,"ix":6},"sa":{"a":0,"k":0,"ix":5},"o":{"a":0,"k":100,"ix":7}}]},{"ty":"gr","bm":0,"cl":"","ln":"","hd":false,"mn":"ADBE Vector Group","nm":"Group 20","ix":20,"cix":2,"np":2,"it":[{"ty":"sh","bm":0,"cl":"","ln":"","hd":false,"mn":"ADBE Vector Shape - Group","nm":"Path 1","ix":1,"d":1,"ks":{"a":0,"k":{"c":true,"i":[[0,0],[0,0],[0,0],[0,0],[1.192,54.297]],"o":[[0,0],[-9.491,23.726],[0,0],[-9.264,-73.093],[-25.209,13.545]],"v":[[-31.258,-115.752],[-7.533,-44.575],[-17.023,145.231],[31.258,145.231],[16.559,-145.231]]},"ix":2}},{"ty":"fl","bm":0,"cl":"","ln":"","hd":false,"mn":"ADBE Vector Graphic - Fill","nm":"Fill 1","c":{"a":0,"k":[0.1725,0.4549,0.702],"ix":4},"r":1,"o":{"a":0,"k":100,"ix":5}},{"ty":"tr","a":{"a":0,"k":[0,0],"ix":1},"s":{"a":0,"k":[100,100],"ix":3},"sk":{"a":0,"k":0,"ix":4},"p":{"a":0,"k":[197.589,486.123],"ix":2},"r":{"a":0,"k":0,"ix":6},"sa":{"a":0,"k":0,"ix":5},"o":{"a":0,"k":100,"ix":7}}]},{"ty":"gr","bm":0,"cl":"","ln":"","hd":false,"mn":"ADBE Vector Group","nm":"Group 21","ix":21,"cix":2,"np":2,"it":[{"ty":"sh","bm":0,"cl":"","ln":"","hd":false,"mn":"ADBE Vector Shape - Group","nm":"Path 1","ix":1,"d":1,"ks":{"a":0,"k":{"c":true,"i":[[0,0],[0,0],[16.437,-8.832],[-9.263,-73.094],[0,0]],"o":[[0,0],[-13.109,1.716],[1.192,54.297],[0,0],[0,0]],"v":[[35.406,-139.784],[11.68,-154.415],[-35.406,-136.047],[-20.706,154.415],[35.406,154.415]]},"ix":2}},{"ty":"fl","bm":0,"cl":"","ln":"","hd":false,"mn":"ADBE Vector Graphic - Fill","nm":"Fill 1","c":{"a":0,"k":[0.9686,0.9608,0.9529],"ix":4},"r":1,"o":{"a":0,"k":100,"ix":5}},{"ty":"tr","a":{"a":0,"k":[0,0],"ix":1},"s":{"a":0,"k":[100,100],"ix":3},"sk":{"a":0,"k":0,"ix":4},"p":{"a":0,"k":[249.553,476.94],"ix":2},"r":{"a":0,"k":0,"ix":6},"sa":{"a":0,"k":0,"ix":5},"o":{"a":0,"k":100,"ix":7}}]},{"ty":"gr","bm":0,"cl":"","ln":"","hd":false,"mn":"ADBE Vector Group","nm":"Group 22","ix":22,"cix":2,"np":2,"it":[{"ty":"sh","bm":0,"cl":"","ln":"","hd":false,"mn":"ADBE Vector Shape - Group","nm":"Path 1","ix":1,"d":1,"ks":{"a":0,"k":{"c":true,"i":[[0,0],[-4.745,-80.667],[0,0],[0,0],[0,0]],"o":[[0,0],[0,0],[0,0],[0,0],[0,0]],"v":[[2.373,-130.491],[-30.843,106.766],[-30.843,130.491],[16.607,130.491],[35.588,-64.059]]},"ix":2}},{"ty":"fl","bm":0,"cl":"","ln":"","hd":false,"mn":"ADBE Vector Graphic - Fill","nm":"Fill 1","c":{"a":0,"k":[0.1725,0.4549,0.702],"ix":4},"r":1,"o":{"a":0,"k":100,"ix":5}},{"ty":"tr","a":{"a":0,"k":[0,0],"ix":1},"s":{"a":0,"k":[100,100],"ix":3},"sk":{"a":0,"k":0,"ix":4},"p":{"a":0,"k":[163.958,500.863],"ix":2},"r":{"a":0,"k":0,"ix":6},"sa":{"a":0,"k":0,"ix":5},"o":{"a":0,"k":100,"ix":7}}]},{"ty":"gr","bm":0,"cl":"","ln":"","hd":false,"mn":"ADBE Vector Group","nm":"Group 23","ix":23,"cix":2,"np":2,"it":[{"ty":"sh","bm":0,"cl":"","ln":"","hd":false,"mn":"ADBE Vector Shape - Group","nm":"Path 1","ix":1,"d":1,"ks":{"a":0,"k":{"c":true,"i":[[0,10.449],[10.482,0],[2.195,-8.055],[-7.874,-6.368]],"o":[[0,-10.483],[-8.752,0],[4.149,9.379],[10.437,-0.054]],"v":[[18.61,0.004],[-0.37,-18.975],[-18.61,-4.966],[-0.273,18.975]]},"ix":2}},{"ty":"fl","bm":0,"cl":"","ln":"","hd":false,"mn":"ADBE Vector Graphic - Fill","nm":"Fill 1","c":{"a":0,"k":[1,0.502,0.498],"ix":4},"r":1,"o":{"a":0,"k":100,"ix":5}},{"ty":"tr","a":{"a":0,"k":[0,0],"ix":1},"s":{"a":0,"k":[100,100],"ix":3},"sk":{"a":0,"k":0,"ix":4},"p":{"a":0,"k":[237.878,275.464],"ix":2},"r":{"a":0,"k":0,"ix":6},"sa":{"a":0,"k":0,"ix":5},"o":{"a":0,"k":100,"ix":7}}]},{"ty":"gr","bm":0,"cl":"","ln":"","hd":false,"mn":"ADBE Vector Group","nm":"Group 24","ix":24,"cix":2,"np":2,"it":[{"ty":"sh","bm":0,"cl":"","ln":"","hd":false,"mn":"ADBE Vector Shape - Group","nm":"Path 1","ix":1,"d":1,"ks":{"a":0,"k":{"c":true,"i":[[6.509,0],[0,-10.482],[-8.413,-1.947],[-3.818,11.526]],"o":[[-10.483,0],[0,9.005],[9.142,-7.58],[-3.419,-4.992]],"v":[[1.66,-18.717],[-17.322,0.263],[-2.621,18.717],[17.322,-10.442]]},"ix":2}},{"ty":"fl","bm":0,"cl":"","ln":"","hd":false,"mn":"ADBE Vector Graphic - Fill","nm":"Fill 1","c":{"a":0,"k":[1,0.502,0.498],"ix":4},"r":1,"o":{"a":0,"k":100,"ix":5}},{"ty":"tr","a":{"a":0,"k":[0,0],"ix":1},"s":{"a":0,"k":[100,100],"ix":3},"sk":{"a":0,"k":0,"ix":4},"p":{"a":0,"k":[321.261,275.205],"ix":2},"r":{"a":0,"k":0,"ix":6},"sa":{"a":0,"k":0,"ix":5},"o":{"a":0,"k":100,"ix":7}}]},{"ty":"gr","bm":0,"cl":"","ln":"","hd":false,"mn":"ADBE Vector Group","nm":"Group 25","ix":25,"cix":2,"np":4,"it":[{"ty":"sh","bm":0,"cl":"","ln":"","hd":false,"mn":"ADBE Vector Shape - Group","nm":"Path 1","ix":1,"d":1,"ks":{"a":0,"k":{"c":true,"i":[[11.775,0],[0,11.775],[-11.774,0],[0,-11.774]],"o":[[-11.774,0],[0,-11.774],[11.775,0],[0,11.775]],"v":[[26.696,20.246],[5.343,-1.107],[26.696,-22.461],[48.049,-1.107]]},"ix":2}},{"ty":"sh","bm":0,"cl":"","ln":"","hd":false,"mn":"ADBE Vector Shape - Group","nm":"Path 2","ix":2,"d":1,"ks":{"a":0,"k":{"c":true,"i":[[11.775,0],[0,11.775],[-11.775,0],[0,-11.774]],"o":[[-11.775,0],[0,-11.774],[11.775,0],[0,11.775]],"v":[[-37.363,22.619],[-58.717,1.265],[-37.363,-20.088],[-16.01,1.265]]},"ix":2}},{"ty":"sh","bm":0,"cl":"","ln":"","hd":false,"mn":"ADBE Vector Shape - Group","nm":"Path 3","ix":3,"d":1,"ks":{"a":0,"k":{"c":true,"i":[[1.149,0.633],[0.635,-1.151],[0,0],[10.769,0],[2.163,-12.224],[2.822,0],[1.452,-1.292],[11.904,0],[0,-14.391],[-14.389,0],[0,14.391],[0.006,0.23],[-2.566,0],[-1.53,-1.323],[-14.019,0],[0,14.392],[0.166,1.187],[0,0]],"o":[[-1.135,-0.618],[0,0],[-3.981,-9.332],[-12.833,0],[-2.038,-1.31],[-2.409,0],[-3.122,-10.917],[-14.389,0],[0,14.391],[14.388,0],[0,-0.231],[0.479,-0.965],[2.625,0],[0.58,13.882],[14.388,0],[0,-1.231],[0,0],[0.631,-1.149]],"v":[[61.891,-26.747],[58.67,-25.809],[50.712,-11.314],[26.696,-27.206],[1.022,-5.659],[-6.52,-8.225],[-12.287,-5.893],[-37.363,-24.833],[-63.462,1.265],[-37.363,27.365],[-11.265,1.265],[-11.3,0.58],[-6.52,-3.48],[0.653,-0.014],[26.696,24.992],[52.794,-1.107],[52.513,-4.729],[62.831,-23.524]]},"ix":2}},{"ty":"fl","bm":0,"cl":"","ln":"","hd":false,"mn":"ADBE Vector Graphic - Fill","nm":"Fill 1","c":{"a":0,"k":[1,1,1],"ix":4},"r":1,"o":{"a":0,"k":100,"ix":5}},{"ty":"tr","a":{"a":0,"k":[0,0],"ix":1},"s":{"a":0,"k":[100,100],"ix":3},"sk":{"a":0,"k":0,"ix":4},"p":{"a":1,"k":[{"o":{"x":0.167,"y":0.167},"i":{"x":0.833,"y":0.833},"s":[281.988,229.124],"t":0,"ti":[0,0],"to":[0,0]},{"o":{"x":0.167,"y":0.167},"i":{"x":0.833,"y":0.833},"s":[280.988,229.124],"t":30,"ti":[0,0],"to":[0,0]},{"o":{"x":0.167,"y":0.167},"i":{"x":0.833,"y":0.833},"s":[281.988,229.124],"t":60}],"ix":2},"r":{"a":0,"k":0,"ix":6},"sa":{"a":0,"k":0,"ix":5},"o":{"a":0,"k":100,"ix":7}}]},{"ty":"gr","bm":0,"cl":"","ln":"","hd":false,"mn":"ADBE Vector Group","nm":"eye-left","ix":26,"cix":2,"np":2,"it":[{"ty":"sh","bm":0,"cl":"","ln":"","hd":false,"mn":"ADBE Vector Shape - Group","nm":"Path 1","ix":1,"d":1,"ks":{"a":0,"k":{"c":true,"i":[[0,-9.172],[3.931,0],[0,9.172],[-3.931,0]],"o":[[0,9.172],[-3.931,0],[0,-9.172],[3.931,0]],"v":[[7.118,0],[-0.001,16.608],[-7.118,0],[-0.001,-16.608]]},"ix":2}},{"ty":"fl","bm":0,"cl":"","ln":"","hd":false,"mn":"ADBE Vector Graphic - Fill","nm":"Fill 1","c":{"a":0,"k":[0.302,0.098,0.0824],"ix":4},"r":1,"o":{"a":0,"k":100,"ix":5}},{"ty":"tr","a":{"a":0,"k":[0,0],"ix":1},"s":{"a":1,"k":[{"o":{"x":0.333,"y":0},"i":{"x":0.667,"y":1},"s":[100,100],"t":4},{"o":{"x":0.333,"y":0},"i":{"x":0.667,"y":1},"s":[100,0],"t":10},{"o":{"x":0.333,"y":0},"i":{"x":0.667,"y":1},"s":[100,100],"t":15},{"o":{"x":0.333,"y":0},"i":{"x":0.667,"y":1},"s":[100,100],"t":42},{"o":{"x":0.333,"y":0},"i":{"x":0.667,"y":1},"s":[100,0],"t":48},{"o":{"x":0.167,"y":0.167},"i":{"x":0.833,"y":0.833},"s":[100,100],"t":53}],"ix":3},"sk":{"a":0,"k":0,"ix":4},"p":{"a":0,"k":[244.626,220.899],"ix":2},"r":{"a":0,"k":0,"ix":6},"sa":{"a":0,"k":0,"ix":5},"o":{"a":0,"k":100,"ix":7}}]},{"ty":"gr","bm":0,"cl":"","ln":"","hd":false,"mn":"ADBE Vector Group","nm":"eye-right","ix":27,"cix":2,"np":2,"it":[{"ty":"sh","bm":0,"cl":"","ln":"","hd":false,"mn":"ADBE Vector Shape - Group","nm":"Path 1","ix":1,"d":1,"ks":{"a":0,"k":{"c":true,"i":[[0,-9.172],[3.931,0],[0,9.172],[-3.93,0]],"o":[[0,9.172],[-3.93,0],[0,-9.172],[3.931,0]],"v":[[7.118,0],[-0.001,16.608],[-7.118,0],[-0.001,-16.608]]},"ix":2}},{"ty":"fl","bm":0,"cl":"","ln":"","hd":false,"mn":"ADBE Vector Graphic - Fill","nm":"Fill 1","c":{"a":0,"k":[0.302,0.098,0.0824],"ix":4},"r":1,"o":{"a":0,"k":100,"ix":5}},{"ty":"tr","a":{"a":0,"k":[0,0],"ix":1},"s":{"a":1,"k":[{"o":{"x":0.333,"y":0},"i":{"x":0.667,"y":1},"s":[100,100],"t":4},{"o":{"x":0.333,"y":0},"i":{"x":0.667,"y":1},"s":[100,0],"t":10},{"o":{"x":0.333,"y":0},"i":{"x":0.667,"y":1},"s":[100,100],"t":15},{"o":{"x":0.333,"y":0},"i":{"x":0.667,"y":1},"s":[100,100],"t":42},{"o":{"x":0.333,"y":0},"i":{"x":0.667,"y":1},"s":[100,0],"t":48},{"o":{"x":0.167,"y":0.167},"i":{"x":0.833,"y":0.833},"s":[100,100],"t":53}],"ix":3},"sk":{"a":0,"k":0,"ix":4},"p":{"a":0,"k":[306.312,220.899],"ix":2},"r":{"a":0,"k":0,"ix":6},"sa":{"a":0,"k":0,"ix":5},"o":{"a":0,"k":100,"ix":7}}]},{"ty":"gr","bm":0,"cl":"","ln":"","hd":false,"mn":"ADBE Vector Group","nm":"eye-brow-left","ix":28,"cix":2,"np":2,"it":[{"ty":"sh","bm":0,"cl":"","ln":"","hd":false,"mn":"ADBE Vector Shape - Group","nm":"Path 1","ix":1,"d":1,"ks":{"a":0,"k":{"c":true,"i":[[1.929,1.155],[5.524,-0.431],[1.188,-0.662],[0.169,-1.396],[-0.955,-0.958],[-1.228,-0.516],[-5.689,-0.558],[-1.133,2.022],[0.666,1.169]],"o":[[-4.807,-2.878],[-1.342,0.105],[-1.188,0.661],[-0.165,1.373],[0.955,0.957],[5.332,2.24],[1.764,0.173],[0.744,-1.33],[-1.163,-2.045]],"v":[[7.846,-3.493],[-8.125,-7.276],[-12.022,-6.292],[-14.371,-3.056],[-12.926,0.651],[-9.516,2.727],[7.234,6.417],[13.792,5.685],[12.984,1.085]]},"ix":2}},{"ty":"fl","bm":0,"cl":"","ln":"","hd":false,"mn":"ADBE Vector Graphic - Fill","nm":"Fill 1","c":{"a":0,"k":[0.3725,0.1412,0.1294],"ix":4},"r":1,"o":{"a":0,"k":100,"ix":5}},{"ty":"tr","a":{"a":0,"k":[0,0],"ix":1},"s":{"a":0,"k":[100,100],"ix":3},"sk":{"a":0,"k":0,"ix":4},"p":{"a":1,"k":[{"o":{"x":0.333,"y":0},"i":{"x":0.667,"y":1},"s":[245.45,190.032],"t":7,"ti":[0,0],"to":[0,0.667]},{"o":{"x":0.333,"y":0},"i":{"x":0.667,"y":1},"s":[245.45,194.032],"t":11,"ti":[0,0.667],"to":[0,0]},{"o":{"x":0.333,"y":0.333},"i":{"x":0.667,"y":0.667},"s":[245.45,190.032],"t":15,"ti":[0,0],"to":[0,0]},{"o":{"x":0.333,"y":0},"i":{"x":0.667,"y":1},"s":[245.45,190.032],"t":36,"ti":[0,0],"to":[0,0.667]},{"o":{"x":0.333,"y":0},"i":{"x":0.667,"y":1},"s":[245.45,194.032],"t":41,"ti":[0,0.667],"to":[0,0]},{"o":{"x":0.167,"y":0.167},"i":{"x":0.833,"y":0.833},"s":[245.45,190.032],"t":45}],"ix":2},"r":{"a":0,"k":0,"ix":6},"sa":{"a":0,"k":0,"ix":5},"o":{"a":0,"k":100,"ix":7}}]},{"ty":"gr","bm":0,"cl":"","ln":"","hd":false,"mn":"ADBE Vector Group","nm":"eye-brow-right","ix":29,"cix":2,"np":2,"it":[{"ty":"sh","bm":0,"cl":"","ln":"","hd":false,"mn":"ADBE Vector Shape - Group","nm":"Path 1","ix":1,"d":1,"ks":{"a":0,"k":{"c":true,"i":[[-1.929,1.155],[-5.524,-0.431],[-1.188,-0.662],[-0.168,-1.396],[0.955,-0.958],[1.228,-0.516],[5.689,-0.558],[1.133,2.022],[-0.666,1.169]],"o":[[4.807,-2.878],[1.342,0.105],[1.188,0.661],[0.166,1.373],[-0.955,0.957],[-5.332,2.24],[-1.764,0.173],[-0.744,-1.33],[1.163,-2.045]],"v":[[-7.846,-3.493],[8.125,-7.276],[12.022,-6.292],[14.37,-3.056],[12.926,0.651],[9.516,2.727],[-7.234,6.417],[-13.792,5.685],[-12.984,1.085]]},"ix":2}},{"ty":"fl","bm":0,"cl":"","ln":"","hd":false,"mn":"ADBE Vector Graphic - Fill","nm":"Fill 1","c":{"a":0,"k":[0.3725,0.1412,0.1294],"ix":4},"r":1,"o":{"a":0,"k":100,"ix":5}},{"ty":"tr","a":{"a":0,"k":[0,0],"ix":1},"s":{"a":0,"k":[100,100],"ix":3},"sk":{"a":0,"k":0,"ix":4},"p":{"a":1,"k":[{"o":{"x":0.333,"y":0},"i":{"x":0.667,"y":1},"s":[306.816,190.032],"t":7,"ti":[0,0],"to":[0,0.333]},{"o":{"x":0.333,"y":0},"i":{"x":0.667,"y":1},"s":[306.816,192.032],"t":11,"ti":[0,0.333],"to":[0,0]},{"o":{"x":0.333,"y":0.333},"i":{"x":0.667,"y":0.667},"s":[306.816,190.032],"t":15,"ti":[0,0],"to":[0,0]},{"o":{"x":0.333,"y":0},"i":{"x":0.667,"y":1},"s":[306.816,190.032],"t":36,"ti":[0,0],"to":[0,0.333]},{"o":{"x":0.333,"y":0},"i":{"x":0.667,"y":1},"s":[306.816,192.032],"t":41,"ti":[0,0.333],"to":[0,0]},{"o":{"x":0.167,"y":0.167},"i":{"x":0.833,"y":0.833},"s":[306.816,190.032],"t":45}],"ix":2},"r":{"a":0,"k":0,"ix":6},"sa":{"a":0,"k":0,"ix":5},"o":{"a":0,"k":100,"ix":7}}]},{"ty":"gr","bm":0,"cl":"","ln":"","hd":false,"mn":"ADBE Vector Group","nm":"Group 30","ix":30,"cix":2,"np":2,"it":[{"ty":"sh","bm":0,"cl":"","ln":"","hd":false,"mn":"ADBE Vector Shape - Group","nm":"Path 1","ix":1,"d":1,"ks":{"a":0,"k":{"c":true,"i":[[-28.464,4.744],[0,0],[-14.235,0],[-25.952,-1.655],[13.768,0],[0,0],[28.471,-4.746],[23.726,1.78],[-0.009,-5.562]],"o":[[28.471,-4.745],[0,0],[13.911,0],[-16.607,-2.911],[-14.236,0],[0,0],[-28.471,4.745],[0,0],[23.708,1.753]],"v":[[-10.976,-20.747],[22.24,-1.766],[36.475,-11.256],[63.173,26.549],[41.221,-20.747],[22.24,-11.256],[-10.976,-30.237],[-63.173,23.739],[-63.156,33.229]]},"ix":2}},{"ty":"fl","bm":0,"cl":"","ln":"","hd":false,"mn":"ADBE Vector Graphic - Fill","nm":"Fill 1","c":{"a":0,"k":[0.9176,0.5882,0.502],"ix":4},"r":1,"o":{"a":0,"k":100,"ix":5}},{"ty":"tr","a":{"a":0,"k":[0,0],"ix":1},"s":{"a":0,"k":[100,100],"ix":3},"sk":{"a":0,"k":0,"ix":4},"p":{"a":0,"k":[276.954,177.587],"ix":2},"r":{"a":0,"k":0,"ix":6},"sa":{"a":0,"k":0,"ix":5},"o":{"a":0,"k":100,"ix":7}}]},{"ty":"gr","bm":0,"cl":"","ln":"","hd":false,"mn":"ADBE Vector Group","nm":"Mouth","ix":31,"cix":2,"np":3,"it":[{"ty":"gr","bm":0,"cl":"","ln":"","hd":false,"mn":"ADBE Vector Group","nm":"Group 31","ix":1,"cix":2,"np":2,"it":[{"ty":"sh","bm":0,"cl":"","ln":"","hd":false,"mn":"ADBE Vector Shape - Group","nm":"Path 1","ix":1,"d":1,"ks":{"a":0,"k":{"c":true,"i":[[7.703,0],[2.897,-3.825],[-7.97,0],[-2.803,3.556]],"o":[[-7.703,0],[2.803,3.556],[7.97,0],[-2.897,-3.825]],"v":[[0,-7.118],[-15.505,0.873],[0,7.118],[15.505,0.873]]},"ix":2}},{"ty":"fl","bm":0,"cl":"","ln":"","hd":false,"mn":"ADBE Vector Graphic - Fill","nm":"Fill 1","c":{"a":0,"k":[1,0.502,0.498],"ix":4},"r":1,"o":{"a":0,"k":100,"ix":5}},{"ty":"tr","a":{"a":0,"k":[0,0],"ix":1},"s":{"a":0,"k":[100,100],"ix":3},"sk":{"a":0,"k":0,"ix":4},"p":{"a":0,"k":[280.214,287.331],"ix":2},"r":{"a":0,"k":0,"ix":6},"sa":{"a":0,"k":0,"ix":5},"o":{"a":0,"k":100,"ix":7}}]},{"ty":"gr","bm":0,"cl":"","ln":"","hd":false,"mn":"ADBE Vector Group","nm":"Group 32","ix":2,"cix":2,"np":2,"it":[{"ty":"sh","bm":0,"cl":"","ln":"","hd":false,"mn":"ADBE Vector Shape - Group","nm":"Path 1","ix":1,"d":1,"ks":{"a":0,"k":{"c":true,"i":[[-2.621,0],[0,0],[0,2.62],[0,0]],"o":[[0,0],[2.622,0],[0,0],[0,2.62]],"v":[[-9.49,2.372],[9.49,2.372],[14.236,-2.372],[-14.236,-2.372]]},"ix":2}},{"ty":"fl","bm":0,"cl":"","ln":"","hd":false,"mn":"ADBE Vector Graphic - Fill","nm":"Fill 1","c":{"a":0,"k":[0.9412,0.9412,0.9412],"ix":4},"r":1,"o":{"a":0,"k":100,"ix":5}},{"ty":"tr","a":{"a":0,"k":[0,0],"ix":1},"s":{"a":0,"k":[100,100],"ix":3},"sk":{"a":0,"k":0,"ix":4},"p":{"a":0,"k":[280.214,273.096],"ix":2},"r":{"a":0,"k":0,"ix":6},"sa":{"a":0,"k":0,"ix":5},"o":{"a":0,"k":100,"ix":7}}]},{"ty":"gr","bm":0,"cl":"","ln":"","hd":false,"mn":"ADBE Vector Group","nm":"Group 33","ix":3,"cix":2,"np":2,"it":[{"ty":"sh","bm":0,"cl":"","ln":"","hd":false,"mn":"ADBE Vector Shape - Group","nm":"Path 1","ix":1,"d":1,"ks":{"a":0,"k":{"c":true,"i":[[-2.603,0],[0,0],[-0.002,-2.603],[16.964,0],[-0.005,6.914]],"o":[[0,0],[2.603,0],[0.005,6.914],[-16.964,0],[0.002,-2.603]],"v":[[-14.616,-11.863],[14.615,-11.863],[19.368,-7.18],[0,11.863],[-19.368,-7.18]]},"ix":2}},{"ty":"fl","bm":0,"cl":"","ln":"","hd":false,"mn":"ADBE Vector Graphic - Fill","nm":"Fill 1","c":{"a":0,"k":[0.8706,0.2902,0.2706],"ix":4},"r":1,"o":{"a":0,"k":100,"ix":5}},{"ty":"tr","a":{"a":0,"k":[0,0],"ix":1},"s":{"a":0,"k":[100,100],"ix":3},"sk":{"a":0,"k":0,"ix":4},"p":{"a":0,"k":[280.214,282.586],"ix":2},"r":{"a":0,"k":0,"ix":6},"sa":{"a":0,"k":0,"ix":5},"o":{"a":0,"k":100,"ix":7}}]},{"ty":"tr","a":{"a":0,"k":[279.714,270.586],"ix":1},"s":{"a":1,"k":[{"o":{"x":0.167,"y":0.167},"i":{"x":0.833,"y":0.833},"s":[100,100],"t":0},{"o":{"x":0.167,"y":0.167},"i":{"x":0.833,"y":0.833},"s":[100,77],"t":30},{"o":{"x":0.167,"y":0.167},"i":{"x":0.833,"y":0.833},"s":[100,100],"t":60}],"ix":3},"sk":{"a":0,"k":0,"ix":4},"p":{"a":0,"k":[279.714,270.586],"ix":2},"r":{"a":0,"k":0,"ix":6},"sa":{"a":0,"k":0,"ix":5},"o":{"a":0,"k":100,"ix":7}}]},{"ty":"gr","bm":0,"cl":"","ln":"","hd":false,"mn":"ADBE Vector Group","nm":"Group 34","ix":32,"cix":2,"np":2,"it":[{"ty":"sh","bm":0,"cl":"","ln":"","hd":false,"mn":"ADBE Vector Shape - Group","nm":"Path 1","ix":1,"d":1,"ks":{"a":0,"k":{"c":true,"i":[[2.621,0],[0,0],[0,2.62],[0,0],[-2.621,0],[0,-2.622],[0,0]],"o":[[0,0],[-2.621,0],[0,0],[0,-2.622],[2.621,0],[0,0],[0,2.62]],"v":[[0,11.863],[0,11.863],[-4.745,7.118],[-4.745,-7.117],[0,-11.863],[4.745,-7.117],[4.745,7.118]]},"ix":2}},{"ty":"fl","bm":0,"cl":"","ln":"","hd":false,"mn":"ADBE Vector Graphic - Fill","nm":"Fill 1","c":{"a":0,"k":[1,0.5098,0.4431],"ix":4},"r":1,"o":{"a":0,"k":100,"ix":5}},{"ty":"tr","a":{"a":0,"k":[0,0],"ix":1},"s":{"a":0,"k":[100,100],"ix":3},"sk":{"a":0,"k":0,"ix":4},"p":{"a":0,"k":[275.469,244.625],"ix":2},"r":{"a":0,"k":0,"ix":6},"sa":{"a":0,"k":0,"ix":5},"o":{"a":0,"k":100,"ix":7}}]},{"ty":"gr","bm":0,"cl":"","ln":"","hd":false,"mn":"ADBE Vector Group","nm":"Group 35","ix":33,"cix":2,"np":2,"it":[{"ty":"sh","bm":0,"cl":"","ln":"","hd":false,"mn":"ADBE Vector Shape - Group","nm":"Path 1","ix":1,"d":1,"ks":{"a":0,"k":{"c":true,"i":[[0,0],[-14.236,0],[-18.981,0],[0,-17.497],[0,33.216],[4.745,14.236],[33.216,-30.843]],"o":[[0,0],[14.235,0],[0,0],[0,0],[0,-33.215],[-4.745,-14.235],[0,0]],"v":[[-40.333,9.935],[-21.353,0.445],[2.373,47.896],[21.353,68.359],[40.333,24.171],[16.608,-13.79],[-40.333,-37.516]]},"ix":2}},{"ty":"fl","bm":0,"cl":"","ln":"","hd":false,"mn":"ADBE Vector Graphic - Fill","nm":"Fill 1","c":{"a":0,"k":[0.5059,0.2039,0.1843],"ix":4},"r":1,"o":{"a":0,"k":100,"ix":5}},{"ty":"tr","a":{"a":0,"k":[0,0],"ix":1},"s":{"a":0,"k":[100,100],"ix":3},"sk":{"a":0,"k":0,"ix":4},"p":{"a":0,"k":[339.528,156.395],"ix":2},"r":{"a":0,"k":0,"ix":6},"sa":{"a":0,"k":0,"ix":5},"o":{"a":0,"k":100,"ix":7}}]},{"ty":"gr","bm":0,"cl":"","ln":"","hd":false,"mn":"ADBE Vector Group","nm":"Group 36","ix":34,"cix":2,"np":2,"it":[{"ty":"sh","bm":0,"cl":"","ln":"","hd":false,"mn":"ADBE Vector Shape - Group","nm":"Path 1","ix":1,"d":1,"ks":{"a":0,"k":{"c":true,"i":[[0,0],[28.471,-4.746],[23.726,1.78],[0,-0.019],[0.646,0.382],[4.232,6.774],[0.679,6.591],[-1.81,4.078],[0.565,4.288],[2.278,3.302],[-3.469,10.519],[-13.748,1.375],[-37.961,-4.745],[0,0]],"o":[[0,0],[-28.471,4.745],[0,0],[-0.001,-0.241],[-6.846,-4.045],[-3.523,-5.639],[-0.444,-4.307],[1.666,-3.756],[-0.536,-4.075],[-6.306,-9.137],[4.589,-13.915],[0,0],[37.961,4.746],[0,0]],"v":[[62.678,4.296],[29.462,-14.684],[-22.736,39.291],[-22.653,85.862],[-32.428,81.28],[-49.615,65.008],[-55.766,46.481],[-54.012,35.273],[-50.277,22.842],[-55.497,11.91],[-59.209,-21.717],[-27.481,-43.156],[24.717,-81.117],[62.678,-43.156]]},"ix":2}},{"ty":"fl","bm":0,"cl":"","ln":"","hd":false,"mn":"ADBE Vector Graphic - Fill","nm":"Fill 1","c":{"a":0,"k":[0.5059,0.2039,0.1843],"ix":4},"r":1,"o":{"a":0,"k":100,"ix":5}},{"ty":"tr","a":{"a":0,"k":[0,0],"ix":1},"s":{"a":0,"k":[100,100],"ix":3},"sk":{"a":0,"k":0,"ix":4},"p":{"a":0,"k":[236.517,162.034],"ix":2},"r":{"a":0,"k":0,"ix":6},"sa":{"a":0,"k":0,"ix":5},"o":{"a":0,"k":100,"ix":7}}]},{"ty":"gr","bm":0,"cl":"","ln":"","hd":false,"mn":"ADBE Vector Group","nm":"Group 37","ix":35,"cix":2,"np":2,"it":[{"ty":"sh","bm":0,"cl":"","ln":"","hd":false,"mn":"ADBE Vector Shape - Group","nm":"Path 1","ix":1,"d":1,"ks":{"a":0,"k":{"c":true,"i":[[0,0],[0,0],[0,-5.241],[1.716,-2.574]],"o":[[0,0],[5.241,0],[0,3.094],[0,0]],"v":[[-4.745,14.235],[-4.745,-14.235],[4.745,-4.745],[2.113,3.948]]},"ix":2}},{"ty":"fl","bm":0,"cl":"","ln":"","hd":false,"mn":"ADBE Vector Graphic - Fill","nm":"Fill 1","c":{"a":0,"k":[0.9176,0.5882,0.502],"ix":4},"r":1,"o":{"a":0,"k":100,"ix":5}},{"ty":"tr","a":{"a":0,"k":[0,0],"ix":1},"s":{"a":0,"k":[100,100],"ix":3},"sk":{"a":0,"k":0,"ix":4},"p":{"a":0,"k":[346.646,228.017],"ix":2},"r":{"a":0,"k":0,"ix":6},"sa":{"a":0,"k":0,"ix":5},"o":{"a":0,"k":100,"ix":7}}]},{"ty":"gr","bm":0,"cl":"","ln":"","hd":false,"mn":"ADBE Vector Group","nm":"Group 38","ix":36,"cix":2,"np":2,"it":[{"ty":"sh","bm":0,"cl":"","ln":"","hd":false,"mn":"ADBE Vector Shape - Group","nm":"Path 1","ix":1,"d":1,"ks":{"a":0,"k":{"c":true,"i":[[0,9.043],[10.482,0],[0,0],[0,0],[0,0],[-35.379,0],[-3.093,32.496]],"o":[[0,-10.482],[0,0],[0,0],[0,0],[0,35.378],[33.307,0],[9.436,-3.848]],"v":[[73.55,-2.373],[54.57,-21.353],[54.57,-83.04],[-73.55,-83.04],[-73.55,18.981],[-9.49,83.04],[54.26,25.12]]},"ix":2}},{"ty":"fl","bm":0,"cl":"","ln":"","hd":false,"mn":"ADBE Vector Graphic - Fill","nm":"Fill 1","c":{"a":0,"k":[1,0.7412,0.651],"ix":4},"r":1,"o":{"a":0,"k":100,"ix":5}},{"ty":"tr","a":{"a":0,"k":[0,0],"ix":1},"s":{"a":0,"k":[100,100],"ix":3},"sk":{"a":0,"k":0,"ix":4},"p":{"a":0,"k":[287.331,225.645],"ix":2},"r":{"a":0,"k":0,"ix":6},"sa":{"a":0,"k":0,"ix":5},"o":{"a":0,"k":100,"ix":7}}]},{"ty":"gr","bm":0,"cl":"","ln":"","hd":false,"mn":"ADBE Vector Group","nm":"Group 39","ix":37,"cix":2,"np":2,"it":[{"ty":"sh","bm":0,"cl":"","ln":"","hd":false,"mn":"ADBE Vector Shape - Group","nm":"Path 1","ix":1,"d":1,"ks":{"a":0,"k":{"c":true,"i":[[0,0],[0,0],[0,0],[0,0]],"o":[[0,0],[0,0],[0,0],[0,0]],"v":[[-21.353,21.354],[21.353,21.354],[21.353,-21.354],[-21.353,-21.354]]},"ix":2}},{"ty":"fl","bm":0,"cl":"","ln":"","hd":false,"mn":"ADBE Vector Graphic - Fill","nm":"Fill 1","c":{"a":0,"k":[0.9176,0.5882,0.502],"ix":4},"r":1,"o":{"a":0,"k":100,"ix":5}},{"ty":"tr","a":{"a":0,"k":[0,0],"ix":1},"s":{"a":0,"k":[100,100],"ix":3},"sk":{"a":0,"k":0,"ix":4},"p":{"a":0,"k":[282.586,315.802],"ix":2},"r":{"a":0,"k":0,"ix":6},"sa":{"a":0,"k":0,"ix":5},"o":{"a":0,"k":100,"ix":7}}]},{"ty":"gr","bm":0,"cl":"","ln":"","hd":false,"mn":"ADBE Vector Group","nm":"Group 40","ix":38,"cix":2,"np":2,"it":[{"ty":"sh","bm":0,"cl":"","ln":"","hd":false,"mn":"ADBE Vector Shape - Group","nm":"Path 1","ix":1,"d":1,"ks":{"a":0,"k":{"c":true,"i":[[0,0],[0,0],[0,0],[-2.32,-15.405],[-6.005,-4.705],[0,0],[-6.39,0.963],[1.932,12.828]],"o":[[-4.267,-25.806],[0,0],[-15.567,0.604],[1.136,7.544],[0,0],[5.087,3.984],[12.828,-1.932],[0,0]],"v":[[51.593,15.202],[-22.314,-49.208],[-26.928,-49.028],[-51.76,-19.018],[-40.64,0.055],[14.833,43.51],[32.814,48.245],[52.149,18.895]]},"ix":2}},{"ty":"fl","bm":0,"cl":"","ln":"","hd":false,"mn":"ADBE Vector Graphic - Fill","nm":"Fill 1","c":{"a":0,"k":[1,0.7412,0.651],"ix":4},"r":1,"o":{"a":0,"k":100,"ix":5}},{"ty":"tr","a":{"a":0,"k":[0,0],"ix":1},"s":{"a":0,"k":[100,100],"ix":3},"sk":{"a":0,"k":0,"ix":4},"p":{"a":0,"k":[70.132,578.79],"ix":2},"r":{"a":0,"k":0,"ix":6},"sa":{"a":0,"k":0,"ix":5},"o":{"a":0,"k":100,"ix":7}}]},{"ty":"gr","bm":0,"cl":"","ln":"","hd":false,"mn":"ADBE Vector Group","nm":"Group 41","ix":39,"cix":2,"np":2,"it":[{"ty":"sh","bm":0,"cl":"","ln":"","hd":false,"mn":"ADBE Vector Shape - Group","nm":"Path 1","ix":1,"d":1,"ks":{"a":0,"k":{"c":true,"i":[[0,0],[0,0],[0,0],[0,-19.794],[-6.655,-7.046],[0,0],[-8.21,0],[0,16.482]],"o":[[-0.479,-33.229],[0,0],[-19.672,-2.185],[0,9.692],[0,0],[5.638,5.969],[16.482,0],[0,0]],"v":[[61.687,29.887],[-18.98,-65.015],[-24.81,-65.663],[-61.687,-32.656],[-51.324,-6.591],[10.148,58.496],[31.844,67.848],[61.687,34.632]]},"ix":2}},{"ty":"fl","bm":0,"cl":"","ln":"","hd":false,"mn":"ADBE Vector Graphic - Fill","nm":"Fill 1","c":{"a":0,"k":[1,0.7412,0.651],"ix":4},"r":1,"o":{"a":0,"k":100,"ix":5}},{"ty":"tr","a":{"a":0,"k":[0,0],"ix":1},"s":{"a":0,"k":[100,100],"ix":3},"sk":{"a":0,"k":0,"ix":4},"p":{"a":0,"k":[61.937,482.838],"ix":2},"r":{"a":0,"k":0,"ix":6},"sa":{"a":0,"k":0,"ix":5},"o":{"a":0,"k":100,"ix":7}}]},{"ty":"gr","bm":0,"cl":"","ln":"","hd":false,"mn":"ADBE Vector Group","nm":"Group 42","ix":40,"cix":2,"np":2,"it":[{"ty":"sh","bm":0,"cl":"","ln":"","hd":false,"mn":"ADBE Vector Shape - Group","nm":"Path 1","ix":1,"d":1,"ks":{"a":0,"k":{"c":true,"i":[[0,0],[0,0],[0,0],[0,-19.794],[-6.655,-7.046],[0,0],[-8.21,0],[0,16.483]],"o":[[-0.479,-33.228],[0,0],[-19.672,-2.186],[0,9.692],[0,0],[5.638,5.97],[16.482,0],[0,0]],"v":[[61.687,29.887],[-18.98,-65.015],[-24.81,-65.663],[-61.687,-32.656],[-51.324,-6.592],[10.148,58.496],[31.844,67.849],[61.687,34.632]]},"ix":2}},{"ty":"fl","bm":0,"cl":"","ln":"","hd":false,"mn":"ADBE Vector Graphic - Fill","nm":"Fill 1","c":{"a":0,"k":[1,0.7412,0.651],"ix":4},"r":1,"o":{"a":0,"k":100,"ix":5}},{"ty":"tr","a":{"a":0,"k":[0,0],"ix":1},"s":{"a":0,"k":[100,100],"ix":3},"sk":{"a":0,"k":0,"ix":4},"p":{"a":0,"k":[61.937,392.681],"ix":2},"r":{"a":0,"k":0,"ix":6},"sa":{"a":0,"k":0,"ix":5},"o":{"a":0,"k":100,"ix":7}}]},{"ty":"gr","bm":0,"cl":"","ln":"","hd":false,"mn":"ADBE Vector Group","nm":"Group 43","ix":41,"cix":2,"np":2,"it":[{"ty":"sh","bm":0,"cl":"","ln":"","hd":false,"mn":"ADBE Vector Shape - Group","nm":"Path 1","ix":1,"d":1,"ks":{"a":0,"k":{"c":true,"i":[[3.931,0],[0,0],[0,3.931],[-3.932,0],[0,0],[0,-3.931]],"o":[[0,0],[-3.932,0],[0,-3.931],[0,0],[3.931,0],[0,3.931]],"v":[[40.334,7.117],[-40.333,7.117],[-47.452,0],[-40.333,-7.117],[40.334,-7.117],[47.452,0]]},"ix":2}},{"ty":"fl","bm":0,"cl":"","ln":"","hd":false,"mn":"ADBE Vector Graphic - Fill","nm":"Fill 1","c":{"a":0,"k":[0.1725,0.4549,0.702],"ix":4},"r":1,"o":{"a":0,"k":100,"ix":5}},{"ty":"tr","a":{"a":0,"k":[0,0],"ix":1},"s":{"a":0,"k":[100,100],"ix":3},"sk":{"a":0,"k":0,"ix":4},"p":{"a":0,"k":[275.469,16.858],"ix":2},"r":{"a":0,"k":0,"ix":6},"sa":{"a":0,"k":0,"ix":5},"o":{"a":0,"k":100,"ix":7}}]},{"ty":"gr","bm":0,"cl":"","ln":"","hd":false,"mn":"ADBE Vector Group","nm":"Group 44","ix":42,"cix":2,"np":4,"it":[{"ty":"sh","bm":0,"cl":"","ln":"","hd":false,"mn":"ADBE Vector Shape - Group","nm":"Path 1","ix":1,"d":1,"ks":{"a":0,"k":{"c":true,"i":[[0,0],[23.55,0],[0,0],[0,23.547],[0,0],[-23.547,0],[0,0],[0,0],[-13.064,0],[0,0],[-3.169,12.674],[0,0],[0,0],[0,-23.547]],"o":[[0,23.547],[0,0],[-23.547,0],[0,0],[0,-23.547],[0,0],[0,0],[3.169,12.674],[0,0],[13.064,0],[0,0],[0,0],[23.55,0],[0,0]],"v":[[187.434,313.18],[144.726,355.886],[-144.728,355.886],[-187.434,313.18],[-187.434,-313.179],[-144.728,-355.885],[-79.482,-355.885],[-78.941,-353.725],[-51.32,-332.16],[51.32,-332.16],[78.941,-353.725],[79.481,-355.885],[144.726,-355.885],[187.434,-313.179]]},"ix":2}},{"ty":"sh","bm":0,"cl":"","ln":"","hd":false,"mn":"ADBE Vector Shape - Group","nm":"Path 2","ix":2,"d":1,"ks":{"a":0,"k":{"c":true,"i":[[31.448,0],[0,0],[0,0],[0,0],[0,-31.448],[0,0],[-31.447,0],[0,0],[0,31.447],[0,0]],"o":[[0,0],[0,0],[0,0],[-31.447,0],[0,0],[0,31.447],[0,0],[31.448,0],[0,0],[0,-31.448]],"v":[[144.726,-370.121],[83.039,-370.121],[-83.041,-370.121],[-144.728,-370.121],[-201.668,-313.179],[-201.668,313.18],[-144.728,370.121],[144.726,370.121],[201.668,313.18],[201.668,-313.179]]},"ix":2}},{"ty":"mm","bm":0,"cl":"","ln":"","hd":false,"mn":"ADBE Vector Filter - Merge","nm":"Merge Paths 1","mm":1},{"ty":"fl","bm":0,"cl":"","ln":"","hd":false,"mn":"ADBE Vector Graphic - Fill","nm":"Fill 1","c":{"a":0,"k":[0.2392,0.251,0.2706],"ix":4},"r":1,"o":{"a":0,"k":100,"ix":5}},{"ty":"tr","a":{"a":0,"k":[0,0],"ix":1},"s":{"a":0,"k":[100,100],"ix":3},"sk":{"a":0,"k":0,"ix":4},"p":{"a":0,"k":[273.096,370.371],"ix":2},"r":{"a":0,"k":0,"ix":6},"sa":{"a":0,"k":0,"ix":5},"o":{"a":0,"k":100,"ix":7}}]},{"ty":"gr","bm":0,"cl":"","ln":"","hd":false,"mn":"ADBE Vector Group","nm":"Group 45","ix":43,"cix":2,"np":2,"it":[{"ty":"sh","bm":0,"cl":"","ln":"","hd":false,"mn":"ADBE Vector Shape - Group","nm":"Path 1","ix":1,"d":1,"ks":{"a":0,"k":{"c":true,"i":[[0,0],[0,0],[-31.447,0],[0,0],[0,31.448],[0,0]],"o":[[0,0],[0,31.448],[0,0],[31.448,0],[0,0],[0,0]],"v":[[-201.668,-54.569],[-201.668,-2.373],[-144.728,54.569],[144.727,54.569],[201.669,-2.373],[201.669,-54.569]]},"ix":2}},{"ty":"fl","bm":0,"cl":"","ln":"","hd":false,"mn":"ADBE Vector Graphic - Fill","nm":"Fill 1","c":{"a":0,"k":[0.9569,0.9647,0.9843],"ix":4},"r":1,"o":{"a":0,"k":100,"ix":5}},{"ty":"tr","a":{"a":0,"k":[0,0],"ix":1},"s":{"a":0,"k":[100,100],"ix":3},"sk":{"a":0,"k":0,"ix":4},"p":{"a":0,"k":[273.096,685.924],"ix":2},"r":{"a":0,"k":0,"ix":6},"sa":{"a":0,"k":0,"ix":5},"o":{"a":0,"k":100,"ix":7}}]},{"ty":"gr","bm":0,"cl":"","ln":"","hd":false,"mn":"ADBE Vector Group","nm":"Group 46","ix":44,"cix":2,"np":2,"it":[{"ty":"sh","bm":0,"cl":"","ln":"","hd":false,"mn":"ADBE Vector Shape - Group","nm":"Path 1","ix":1,"d":1,"ks":{"a":0,"k":{"c":true,"i":[[22.482,164.261],[0,-21.782],[0,0],[-31.448,0],[0,0],[-1.583,30.031]],"o":[[-17.968,9.576],[0,0],[0,31.448],[0,0],[30.426,0],[-262.208,-31.522]],"v":[[-171.384,-366.784],[-201.592,-316.517],[-201.592,309.841],[-144.651,366.784],[144.803,366.784],[201.592,312.87]]},"ix":2}},{"ty":"fl","bm":0,"cl":"","ln":"","hd":false,"mn":"ADBE Vector Graphic - Fill","nm":"Fill 1","c":{"a":0,"k":[0.9569,0.9647,0.9843],"ix":4},"r":1,"o":{"a":0,"k":100,"ix":5}},{"ty":"tr","a":{"a":0,"k":[0,0],"ix":1},"s":{"a":0,"k":[100,100],"ix":3},"sk":{"a":0,"k":0,"ix":4},"p":{"a":0,"k":[273.02,373.709],"ix":2},"r":{"a":0,"k":0,"ix":6},"sa":{"a":0,"k":0,"ix":5},"o":{"a":0,"k":100,"ix":7}}]},{"ty":"gr","bm":0,"cl":"","ln":"","hd":false,"mn":"ADBE Vector Group","nm":"Group 47","ix":45,"cix":2,"np":2,"it":[{"ty":"sh","bm":0,"cl":"","ln":"","hd":false,"mn":"ADBE Vector Shape - Group","nm":"Path 1","ix":1,"d":1,"ks":{"a":0,"k":{"c":true,"i":[[31.448,0],[0,0],[0,31.448],[0,0],[-31.447,0],[0,0],[0,-31.448],[0,0]],"o":[[0,0],[-31.447,0],[0,0],[0,-31.448],[0,0],[31.448,0],[0,0],[0,31.448]],"v":[[144.727,370.121],[-144.728,370.121],[-201.668,313.18],[-201.668,-313.18],[-144.728,-370.121],[144.727,-370.121],[201.668,-313.18],[201.668,313.18]]},"ix":2}},{"ty":"fl","bm":0,"cl":"","ln":"","hd":false,"mn":"ADBE Vector Graphic - Fill","nm":"Fill 1","c":{"a":0,"k":[1,1,1],"ix":4},"r":1,"o":{"a":0,"k":100,"ix":5}},{"ty":"tr","a":{"a":0,"k":[0,0],"ix":1},"s":{"a":0,"k":[100,100],"ix":3},"sk":{"a":0,"k":0,"ix":4},"p":{"a":0,"k":[273.096,370.371],"ix":2},"r":{"a":0,"k":0,"ix":6},"sa":{"a":0,"k":0,"ix":5},"o":{"a":0,"k":100,"ix":7}}]},{"ty":"gr","bm":0,"cl":"","ln":"","hd":false,"mn":"ADBE Vector Group","nm":"Group 48","ix":46,"cix":2,"np":2,"it":[{"ty":"sh","bm":0,"cl":"","ln":"","hd":false,"mn":"ADBE Vector Shape - Group","nm":"Path 1","ix":1,"d":1,"ks":{"a":0,"k":{"c":true,"i":[[0,0],[0,0],[0,-13.444],[0,0],[-34.032,-14.725],[0,0]],"o":[[0,0],[-12.864,-4.555],[0,0],[0,36.562],[0,0],[0,0]],"v":[[61.687,-36.37],[-35.26,-70.69],[-61.687,-52.427],[-61.687,-38.301],[-5.685,46.094],[61.687,75.245]]},"ix":2}},{"ty":"fl","bm":0,"cl":"","ln":"","hd":false,"mn":"ADBE Vector Graphic - Fill","nm":"Fill 1","c":{"a":0,"k":[1,0.7412,0.651],"ix":4},"r":1,"o":{"a":0,"k":100,"ix":5}},{"ty":"tr","a":{"a":0,"k":[0,0],"ix":1},"s":{"a":0,"k":[100,100],"ix":3},"sk":{"a":0,"k":0,"ix":4},"p":{"a":0,"k":[71.427,223.949],"ix":2},"r":{"a":0,"k":0,"ix":6},"sa":{"a":0,"k":0,"ix":5},"o":{"a":0,"k":100,"ix":7}}]},{"ty":"gr","bm":0,"cl":"","ln":"","hd":false,"mn":"ADBE Vector Group","nm":"Group 49","ix":47,"cix":2,"np":2,"it":[{"ty":"sh","bm":0,"cl":"","ln":"","hd":false,"mn":"ADBE Vector Shape - Group","nm":"Path 1","ix":1,"d":1,"ks":{"a":0,"k":{"c":true,"i":[[0,0],[0,-9.279],[0,0],[13.104,0],[0,0],[0,0],[0,0],[0,0]],"o":[[-9.152,1.525],[0,0],[0,13.104],[0,0],[0,0],[0,0],[0,0],[0,0]],"v":[[-0.748,-59.585],[-16.608,-40.862],[-16.608,-18.981],[-40.334,4.746],[-40.334,59.314],[-26.098,66.432],[40.334,9.491],[40.334,-66.432]]},"ix":2}},{"ty":"fl","bm":0,"cl":"","ln":"","hd":false,"mn":"ADBE Vector Graphic - Fill","nm":"Fill 1","c":{"a":0,"k":[0.9176,0.5882,0.502],"ix":4},"r":1,"o":{"a":0,"k":100,"ix":5}},{"ty":"tr","a":{"a":0,"k":[0,0],"ix":1},"s":{"a":0,"k":[100,100],"ix":3},"sk":{"a":0,"k":0,"ix":4},"p":{"a":0,"k":[83.29,322.92],"ix":2},"r":{"a":0,"k":0,"ix":6},"sa":{"a":0,"k":0,"ix":5},"o":{"a":0,"k":100,"ix":7}}]},{"ty":"gr","bm":0,"cl":"","ln":"","hd":false,"mn":"ADBE Vector Group","nm":"Group 50","ix":48,"cix":2,"np":2,"it":[{"ty":"sh","bm":0,"cl":"","ln":"","hd":false,"mn":"ADBE Vector Shape - Group","nm":"Path 1","ix":1,"d":1,"ks":{"a":0,"k":{"c":true,"i":[[0,0],[0,0],[-18.294,15.681],[0,0],[0,0],[0,0],[0,0]],"o":[[0,0],[0,-24.094],[0,0],[0,0],[0,0],[0,0],[0,0]],"v":[[-61.687,37.961],[-61.687,37.961],[-32.865,-24.705],[4.745,-56.942],[61.687,-66.432],[61.687,9.49],[-4.745,66.432]]},"ix":2}},{"ty":"fl","bm":0,"cl":"","ln":"","hd":false,"mn":"ADBE Vector Graphic - Fill","nm":"Fill 1","c":{"a":0,"k":[1,0.7412,0.651],"ix":4},"r":1,"o":{"a":0,"k":100,"ix":5}},{"ty":"tr","a":{"a":0,"k":[0,0],"ix":1},"s":{"a":0,"k":[100,100],"ix":3},"sk":{"a":0,"k":0,"ix":4},"p":{"a":0,"k":[61.937,322.92],"ix":2},"r":{"a":0,"k":0,"ix":6},"sa":{"a":0,"k":0,"ix":5},"o":{"a":0,"k":100,"ix":7}}]},{"ty":"gr","bm":0,"cl":"","ln":"","hd":false,"mn":"ADBE Vector Group","nm":"Group 51","ix":49,"cix":2,"np":2,"it":[{"ty":"sh","bm":0,"cl":"","ln":"","hd":false,"mn":"ADBE Vector Shape - Group","nm":"Path 1","ix":1,"d":1,"ks":{"a":0,"k":{"c":true,"i":[[0,0],[0,0],[-18.294,15.681],[0,0],[0,0],[0,0],[0,0]],"o":[[0,0],[0,-24.094],[0,0],[0,0],[0,0],[0,0],[0,0]],"v":[[-61.687,37.961],[-61.687,37.961],[-32.865,-24.706],[4.745,-56.941],[61.687,-66.432],[61.687,9.49],[-4.745,66.432]]},"ix":2}},{"ty":"fl","bm":0,"cl":"","ln":"","hd":false,"mn":"ADBE Vector Graphic - Fill","nm":"Fill 1","c":{"a":0,"k":[0.9176,0.5882,0.502],"ix":4},"r":1,"o":{"a":0,"k":100,"ix":5}},{"ty":"tr","a":{"a":0,"k":[0,0],"ix":1},"s":{"a":0,"k":[100,100],"ix":3},"sk":{"a":0,"k":0,"ix":4},"p":{"a":0,"k":[61.937,413.078],"ix":2},"r":{"a":0,"k":0,"ix":6},"sa":{"a":0,"k":0,"ix":5},"o":{"a":0,"k":100,"ix":7}}]},{"ty":"gr","bm":0,"cl":"","ln":"","hd":false,"mn":"ADBE Vector Group","nm":"Group 52","ix":50,"cix":2,"np":2,"it":[{"ty":"sh","bm":0,"cl":"","ln":"","hd":false,"mn":"ADBE Vector Shape - Group","nm":"Path 1","ix":1,"d":1,"ks":{"a":0,"k":{"c":true,"i":[[0,0],[0,0],[-18.294,12.881],[0,0],[0,0],[0,0],[0,0]],"o":[[0,0],[0,-19.792],[0,0],[0,0],[0,0],[0,0],[0,0]],"v":[[-61.687,26.098],[-61.687,26.098],[-32.865,-20.294],[4.745,-49.824],[61.687,-54.569],[61.687,7.795],[-4.745,54.569]]},"ix":2}},{"ty":"fl","bm":0,"cl":"","ln":"","hd":false,"mn":"ADBE Vector Graphic - Fill","nm":"Fill 1","c":{"a":0,"k":[0.9176,0.5882,0.502],"ix":4},"r":1,"o":{"a":0,"k":100,"ix":5}},{"ty":"tr","a":{"a":0,"k":[0,0],"ix":1},"s":{"a":0,"k":[100,100],"ix":3},"sk":{"a":0,"k":0,"ix":4},"p":{"a":0,"k":[80.918,529.334],"ix":2},"r":{"a":0,"k":0,"ix":6},"sa":{"a":0,"k":0,"ix":5},"o":{"a":0,"k":100,"ix":7}}]}],"ind":7},{"ty":4,"nm":"Layer 9 Outlines","mn":"","sr":1,"st":0,"op":111,"ip":0,"hd":false,"cl":"","ln":"","ddd":0,"bm":0,"hasMask":false,"ao":0,"ks":{"a":{"a":0,"k":[199.546,363.254,0],"ix":1},"s":{"a":0,"k":[100,100,100],"ix":6},"sk":{"a":0,"k":0},"p":{"a":0,"k":[759.159,772.26,0],"ix":2},"r":{"a":0,"k":0,"ix":10},"sa":{"a":0,"k":0},"o":{"a":0,"k":100,"ix":11}},"ef":[],"shapes":[{"ty":"gr","bm":0,"cl":"","ln":"","hd":false,"mn":"ADBE Vector Group","nm":"Group 1","ix":1,"cix":2,"np":2,"it":[{"ty":"sh","bm":0,"cl":"","ln":"","hd":false,"mn":"ADBE Vector Shape - Group","nm":"Path 1","ix":1,"d":1,"ks":{"a":0,"k":{"c":true,"i":[[0,0],[0,-80.667],[-80.667,4.745],[18.98,56.941]],"o":[[0,0],[0,80.668],[80.668,-4.745],[-18.98,-56.943]],"v":[[-37.961,-128.118],[-80.668,4.745],[0,151.845],[42.706,-99.647]]},"ix":2}},{"ty":"fl","bm":0,"cl":"","ln":"","hd":false,"mn":"ADBE Vector Graphic - Fill","nm":"Fill 1","c":{"a":0,"k":[1,0.7412,0.651],"ix":4},"r":1,"o":{"a":0,"k":100,"ix":5}},{"ty":"tr","a":{"a":0,"k":[0,0],"ix":1},"s":{"a":0,"k":[100,100],"ix":3},"sk":{"a":0,"k":0,"ix":4},"p":{"a":0,"k":[265.979,370.371],"ix":2},"r":{"a":0,"k":0,"ix":6},"sa":{"a":0,"k":0,"ix":5},"o":{"a":0,"k":100,"ix":7}}]},{"ty":"gr","bm":0,"cl":"","ln":"","hd":false,"mn":"ADBE Vector Group","nm":"Group 2","ix":2,"cix":2,"np":2,"it":[{"ty":"sh","bm":0,"cl":"","ln":"","hd":false,"mn":"ADBE Vector Shape - Group","nm":"Path 1","ix":1,"d":1,"ks":{"a":0,"k":{"c":true,"i":[[23.726,75.922],[0,75.922],[-37.961,4.746],[0,0],[0,0],[-6.474,-20.85],[0,-3.361]],"o":[[0,0],[0,-75.922],[0,0],[0,0],[0,21.832],[13.888,44.727],[0,39.129]],"v":[[-30.843,94.904],[-59.314,-28.47],[-7.117,-170.825],[11.863,-170.825],[11.863,-89.959],[21.618,-25.607],[59.314,99.649]]},"ix":2}},{"ty":"fl","bm":0,"cl":"","ln":"","hd":false,"mn":"ADBE Vector Graphic - Fill","nm":"Fill 1","c":{"a":0,"k":[1,0.7412,0.651],"ix":4},"r":1,"o":{"a":0,"k":100,"ix":5}},{"ty":"tr","a":{"a":0,"k":[0,0],"ix":1},"s":{"a":0,"k":[100,100],"ix":3},"sk":{"a":0,"k":0,"ix":4},"p":{"a":0,"k":[249.37,171.076],"ix":2},"r":{"a":0,"k":0,"ix":6},"sa":{"a":0,"k":0,"ix":5},"o":{"a":0,"k":100,"ix":7}}]},{"ty":"gr","bm":0,"cl":"","ln":"","hd":false,"mn":"ADBE Vector Group","nm":"Group 3","ix":3,"cix":2,"np":2,"it":[{"ty":"sh","bm":0,"cl":"","ln":"","hd":false,"mn":"ADBE Vector Shape - Group","nm":"Path 1","ix":1,"d":1,"ks":{"a":0,"k":{"c":true,"i":[[0,0],[0,0],[-55.034,0],[0,0],[-15.268,31.021],[0,0],[0,43.911],[0,0],[0,0]],"o":[[0,0],[0,55.908],[0,0],[34.139,0],[0,0],[43.224,0],[0,0],[0,0],[0,0]],"v":[[-158.962,-65.799],[-158.962,-25.308],[-40.334,75.922],[-21.302,75.922],[59.315,25.307],[80.698,25.307],[158.962,-54.201],[158.962,-75.922],[-158.962,-75.922]]},"ix":2}},{"ty":"fl","bm":0,"cl":"","ln":"","hd":false,"mn":"ADBE Vector Graphic - Fill","nm":"Fill 1","c":{"a":0,"k":[0.9176,0.5882,0.502],"ix":4},"r":1,"o":{"a":0,"k":100,"ix":5}},{"ty":"tr","a":{"a":0,"k":[0,0],"ix":1},"s":{"a":0,"k":[100,100],"ix":3},"sk":{"a":0,"k":0,"ix":4},"p":{"a":0,"k":[159.212,507.982],"ix":2},"r":{"a":0,"k":0,"ix":6},"sa":{"a":0,"k":0,"ix":5},"o":{"a":0,"k":100,"ix":7}}]},{"ty":"gr","bm":0,"cl":"","ln":"","hd":false,"mn":"ADBE Vector Group","nm":"Group 4","ix":4,"cix":2,"np":2,"it":[{"ty":"sh","bm":0,"cl":"","ln":"","hd":false,"mn":"ADBE Vector Shape - Group","nm":"Path 1","ix":1,"d":1,"ks":{"a":0,"k":{"c":true,"i":[[0,0],[0,0],[0,0],[0,0],[0,0]],"o":[[0,0],[0,0],[0,0],[0,0],[0,0]],"v":[[-158.962,-23.726],[-102.022,128.119],[158.962,128.119],[61.291,-128.119],[-158.962,-123.373]]},"ix":2}},{"ty":"fl","bm":0,"cl":"","ln":"","hd":false,"mn":"ADBE Vector Graphic - Fill","nm":"Fill 1","c":{"a":0,"k":[1,0.7412,0.651],"ix":4},"r":1,"o":{"a":0,"k":100,"ix":5}},{"ty":"tr","a":{"a":0,"k":[0,0],"ix":1},"s":{"a":0,"k":[100,100],"ix":3},"sk":{"a":0,"k":0,"ix":4},"p":{"a":0,"k":[239.88,598.139],"ix":2},"r":{"a":0,"k":0,"ix":6},"sa":{"a":0,"k":0,"ix":5},"o":{"a":0,"k":100,"ix":7}}]},{"ty":"gr","bm":0,"cl":"","ln":"","hd":false,"mn":"ADBE Vector Group","nm":"Group 5","ix":5,"cix":2,"np":2,"it":[{"ty":"sh","bm":0,"cl":"","ln":"","hd":false,"mn":"ADBE Vector Shape - Group","nm":"Path 1","ix":1,"d":1,"ks":{"a":0,"k":{"c":true,"i":[[0,0],[0,0],[0,0],[0,0]],"o":[[0,0],[0,0],[0,0],[0,0]],"v":[[-45.079,-121.001],[45.079,-121.001],[45.079,121.001],[-45.079,121.001]]},"ix":2}},{"ty":"fl","bm":0,"cl":"","ln":"","hd":false,"mn":"ADBE Vector Graphic - Fill","nm":"Fill 1","c":{"a":0,"k":[0.9176,0.5882,0.502],"ix":4},"r":1,"o":{"a":0,"k":100,"ix":5}},{"ty":"tr","a":{"a":0,"k":[0,0],"ix":1},"s":{"a":0,"k":[100,100],"ix":3},"sk":{"a":0,"k":0,"ix":4},"p":{"a":0,"k":[182.938,254.116],"ix":2},"r":{"a":0,"k":0,"ix":6},"sa":{"a":0,"k":0,"ix":5},"o":{"a":0,"k":100,"ix":7}}]}],"ind":8},{"ty":4,"nm":"BACKGROUND Outlines","mn":"","sr":1,"st":0,"op":111,"ip":0,"hd":false,"cl":"","ln":"","ddd":0,"bm":0,"hasMask":false,"ao":0,"ks":{"a":{"a":0,"k":[581.387,495.956,0],"ix":1},"s":{"a":0,"k":[100,100,100],"ix":6},"sk":{"a":0,"k":0},"p":{"a":0,"k":[608.04,600.66,0],"ix":2},"r":{"a":0,"k":0,"ix":10},"sa":{"a":0,"k":0},"o":{"a":0,"k":100,"ix":11}},"ef":[],"shapes":[{"ty":"gr","bm":0,"cl":"","ln":"","hd":false,"mn":"ADBE Vector Group","nm":"Group 1","ix":1,"cix":2,"np":8,"it":[{"ty":"sh","bm":0,"cl":"","ln":"","hd":false,"mn":"ADBE Vector Shape - Group","nm":"Path 1","ix":1,"d":1,"ks":{"a":0,"k":{"c":true,"i":[[21.252,-13.374],[0.003,0.241],[-4.803,6.132],[-4.513,3.595],[-7.967,10.07],[0.009,-7.488],[-1.482,-4.772]],"o":[[-0.01,-0.242],[-0.109,-7.787],[3.557,-4.542],[10.062,-8.014],[-2.216,7.206],[-0.007,5.46],[-8.808,3.172]],"v":[[1.474,-140.249],[1.435,-140.974],[8.758,-162.692],[21.451,-174.393],[49.293,-200.991],[45.727,-178.866],[48.164,-163.77]]},"ix":2}},{"ty":"sh","bm":0,"cl":"","ln":"","hd":false,"mn":"ADBE Vector Shape - Group","nm":"Path 2","ix":2,"d":1,"ks":{"a":0,"k":{"c":true,"i":[[-1.255,-1.971],[-7.917,-6.49],[0.1,0.021],[7.23,-2.688],[14.415,-2.702],[2.623,1],[0.436,0.276],[-15.614,10.981]],"o":[[5.371,8.433],[-0.099,-0.023],[-7.548,-1.588],[-13.746,5.114],[-2.759,0.517],[-0.49,-0.187],[18.259,-18.244],[0.886,1.993]],"v":[[-5.173,-118.179],[15.047,-95.76],[14.756,-95.851],[-7.667,-91.683],[-50.01,-79.931],[-58.322,-79.956],[-59.706,-80.66],[-8.358,-124.117]]},"ix":2}},{"ty":"sh","bm":0,"cl":"","ln":"","hd":false,"mn":"ADBE Vector Shape - Group","nm":"Path 3","ix":3,"d":1,"ks":{"a":0,"k":{"c":true,"i":[[17.373,-15.075],[0.419,-0.313],[-9.098,14.1],[-0.579,-0.267],[-8.644,-0.052]],"o":[[-0.388,0.337],[9.254,-19.165],[0.569,0.294],[7.825,3.604],[-19.255,12.387]],"v":[[-142.956,38.021],[-144.171,39.001],[-116.458,-11.682],[-114.753,-10.809],[-89.781,-5.887]]},"ix":2}},{"ty":"sh","bm":0,"cl":"","ln":"","hd":false,"mn":"ADBE Vector Shape - Group","nm":"Path 4","ix":4,"d":1,"ks":{"a":0,"k":{"c":true,"i":[[0.218,1.598],[0.012,0.087],[-8.941,16.08],[-1.657,5.828],[-0.799,-2.039],[-2.451,-2.98],[-1.037,-0.899],[9.623,-19.971]],"o":[[-0.012,-0.089],[-2.487,-18.825],[2.984,-5.365],[0.652,2.094],[1.407,3.594],[0.875,1.064],[-9.574,14.803],[-0.724,-1.428]],"v":[[-153.161,32.431],[-153.195,32.166],[-140.245,-18.411],[-133.448,-35.196],[-131.281,-28.991],[-125.771,-18.865],[-122.87,-15.95],[-151.857,37.054]]},"ix":2}},{"ty":"sh","bm":0,"cl":"","ln":"","hd":false,"mn":"ADBE Vector Shape - Group","nm":"Path 5","ix":5,"d":1,"ks":{"a":0,"k":{"c":true,"i":[[1.097,-0.612],[17.446,-9.748],[2.222,-0.701],[-13.926,14.189],[-7.147,-4.518]],"o":[[-17.446,9.749],[-1.971,1.103],[14.288,-19.247],[5.836,6.161],[-1.111,0.608]],"v":[[-46.487,-59.82],[-98.827,-30.574],[-105.221,-27.696],[-62.664,-77.702],[-43.177,-61.655]]},"ix":2}},{"ty":"sh","bm":0,"cl":"","ln":"","hd":false,"mn":"ADBE Vector Shape - Group","nm":"Path 6","ix":6,"d":1,"ks":{"a":0,"k":{"c":true,"i":[[4.831,3.957],[2.358,0.776],[12.449,2.18],[8.926,3.139],[3.497,2.423],[58.608,23.236],[20.767,-20.418],[-0.291,1.832],[-4.069,3.784],[-15.738,22.501],[1.59,2.63],[1.195,0.67],[11.712,-3.869],[6.62,-9.71],[0.93,-1.494],[14.232,1.441],[3.265,-2.232],[5.015,-10.585],[-0.238,-28.151],[-0.918,-4.006],[18.974,-18.923],[0.047,0.592],[-1.372,3.618],[-14.131,25.018],[0.452,7.77],[7.78,0.226],[4.123,-4.083],[-0.294,-34.121],[-4.714,-6.184],[-0.773,-0.946],[15.66,-21.518],[0.103,0.076],[-4.567,8.038],[-4.311,7.589],[-2.233,9.639],[2.292,4.257],[6.659,-0.472],[4.937,-7.282],[2.032,-10.362],[-0.013,-5.45],[5.572,-3.034],[1.841,-5.077],[0.283,-5.394],[-6.286,-21.541],[-1.588,-4.572],[2.018,-6.327],[0,0],[-39.93,87.699],[-0.244,-0.271],[-0.955,-0.384],[-13.783,4.156],[-14.964,12.643],[-3.63,7.376],[2.694,6.517],[1.501,1.157],[-4.773,2.107],[-6.709,11.606],[-6.456,1.762],[-2.401,2.379],[-0.716,2.889],[6.309,7.261],[-16.771,-1.575],[-8.07,5.095],[4.508,8.413],[7.924,1.277],[13.625,1.153],[14.335,9.87],[1.101,1.45],[-8.537,3.162],[-0.568,-1.347],[-6.998,-5.446],[-9.514,-3.932],[-5.432,-1.577],[-7.181,0.068],[-3.149,1.434],[-0.975,3.596]],"o":[[-1.921,-1.572],[-12.004,-3.954],[-9.32,-1.632],[-3.727,-1.31],[65.33,4.871],[-50.397,-19.981],[-0.27,-1.605],[0.87,-5.488],[20.107,-18.701],[1.762,-2.518],[-0.71,-1.173],[-10.762,-6.026],[-11.159,3.686],[-0.981,1.439],[0.715,-13.416],[-3.934,-0.399],[-9.803,6.701],[-12.053,25.442],[0.038,4.488],[-16.086,11.165],[-0.132,-0.587],[-0.306,-3.858],[10.192,-26.864],[3.827,-6.777],[-0.452,-7.769],[-5.8,-0.168],[-24.244,24.012],[0.066,7.64],[0.744,0.977],[-15.176,15.496],[-0.104,-0.07],[-2.104,-9.002],[4.311,-7.589],[4.887,-8.602],[1.09,-4.71],[-3.476,-6.457],[-9.542,0.676],[-5.928,8.742],[-1.05,5.353],[-5.514,-3.03],[-4.743,2.583],[-1.84,5.078],[-1.177,22.409],[1.356,4.647],[-40.92,87.773],[0,0],[0.481,-1.508],[0.172,0.321],[0.689,0.767],[13.357,5.368],[18.757,-5.654],[6.28,-5.304],[2.883,-5.855],[-0.678,-1.641],[4.98,-1.534],[12.385,-5.465],[6.67,0.588],[3.261,-0.89],[2.115,-2.093],[2.271,-9.155],[15.49,8.733],[9.502,0.893],[8.072,-5.094],[-3.79,-7.074],[-13.499,-2.177],[-17.263,-1.461],[-1.505,-1.037],[21.596,-13.817],[0.527,1.313],[3.52,8.352],[8.094,6.3],[5.218,2.156],[6.911,2.008],[3.429,-0.033],[3.264,-1.486],[1.633,-6.028]],"v":[[144.61,-133.643],[137.967,-136.912],[100.745,-143.874],[73.315,-151.046],[62.04,-156.598],[177.62,-214.087],[53.247,-168.886],[53.221,-174.025],[61.982,-187.835],[127.439,-236.995],[129.183,-245.511],[126.061,-248.113],[90.37,-252.408],[63.699,-230.326],[60.854,-225.901],[38.167,-257.431],[27.174,-253.676],[5.686,-226.464],[-12.343,-144.684],[-10.968,-132.023],[-64.104,-87.36],[-64.388,-89.13],[-62.112,-100.413],[-18.219,-174.408],[-11.32,-196.369],[-25.352,-212.333],[-40.335,-204.476],[-74.848,-110.99],[-70.122,-86.431],[-67.815,-83.583],[-114.338,-28.291],[-114.66,-28.469],[-107.468,-54.55],[-94.535,-77.317],[-82.466,-104.314],[-83.307,-118.474],[-102.193,-125.139],[-123.979,-107.122],[-136.049,-78.054],[-137.534,-61.802],[-156.322,-61.528],[-166.214,-49.144],[-168.854,-33.219],[-161.119,33.334],[-156.635,47.141],[-236.229,255.49],[-228.898,257.83],[-152.84,57.506],[-152.254,58.421],[-149.642,60.02],[-107.377,57.672],[-54.755,32.465],[-39.312,13.462],[-35.247,-10.198],[-38.635,-14.367],[-23.955,-19.702],[6.988,-44.945],[26.918,-46.134],[35.802,-50.783],[40,-58.538],[31.776,-84.342],[81.485,-68.557],[109.214,-73.144],[117.667,-97.744],[97.318,-108.903],[56.422,-111.831],[7.922,-128.689],[3.854,-132.324],[50.792,-156.458],[52.43,-152.478],[70.186,-132.315],[96.147,-117.003],[112.133,-111.247],[133.293,-108.019],[143.323,-109.892],[148.703,-116.409]]},"ix":2}},{"ty":"mm","bm":0,"cl":"","ln":"","hd":false,"mn":"ADBE Vector Filter - Merge","nm":"Merge Paths 1","mm":1},{"ty":"fl","bm":0,"cl":"","ln":"","hd":false,"mn":"ADBE Vector Graphic - Fill","nm":"Fill 1","c":{"a":0,"k":[0.2902,0.4118,0.698],"ix":4},"r":1,"o":{"a":0,"k":100,"ix":5}},{"ty":"tr","a":{"a":0,"k":[-233,255],"ix":1},"s":{"a":0,"k":[100,100],"ix":3},"sk":{"a":0,"k":0,"ix":4},"p":{"a":0,"k":[693.295,832.463],"ix":2},"r":{"a":1,"k":[{"o":{"x":0.333,"y":0},"i":{"x":0.667,"y":1},"s":[0],"t":0},{"o":{"x":0.333,"y":0},"i":{"x":0.667,"y":1},"s":[-6],"t":30},{"o":{"x":0.167,"y":0.167},"i":{"x":0.833,"y":0.833},"s":[0],"t":60}],"ix":6},"sa":{"a":0,"k":0,"ix":5},"o":{"a":0,"k":100,"ix":7}}]},{"ty":"gr","bm":0,"cl":"","ln":"","hd":false,"mn":"ADBE Vector Group","nm":"Group 2","ix":2,"cix":2,"np":4,"it":[{"ty":"sh","bm":0,"cl":"","ln":"","hd":false,"mn":"ADBE Vector Shape - Group","nm":"Path 1","ix":1,"d":1,"ks":{"a":0,"k":{"c":true,"i":[[19.906,13.007],[0.4,4.793],[0,0],[0.118,0.689],[0.139,0.782],[-16.022,-20.603],[-0.633,-1.964]],"o":[[0.25,-4.759],[0,0],[-0.01,-0.701],[-0.133,-0.783],[15.431,20.63],[1.289,1.657],[-17.58,-15.153]],"v":[[68.913,0.107],[68.698,-14.238],[68.572,-14.291],[68.335,-16.394],[67.878,-18.73],[122.285,37.612],[125.439,43.068]]},"ix":2}},{"ty":"sh","bm":0,"cl":"","ln":"","hd":false,"mn":"ADBE Vector Shape - Group","nm":"Path 2","ix":2,"d":1,"ks":{"a":0,"k":{"c":true,"i":[[10.321,4.126],[4.526,-9.929],[0.237,-0.611],[10.735,23.216],[3.863,3.471],[0.96,-12.21],[-5.172,-8.716],[-6.613,-7.681],[-7.781,-22.379],[-0.589,-3.195],[0,0],[-0.41,-1.753],[-0.164,-0.817],[0.259,-3.321],[13.601,6.216],[0.031,0.803],[1.891,6.651],[7.49,15.554],[6.23,10.445],[10.59,3.379],[3.805,-10.226],[-0.492,-5.138],[-3.73,-6.133],[-20.853,-23.187],[-0.021,-3.105],[0.013,-0.185],[14.826,2.64],[1.96,4.952],[5.461,7.588],[9.235,9.71],[9.704,2.964],[0.585,-9.506],[-3.082,-4.586],[-17.914,-15.298],[-1.009,-5.495],[34.711,-28.355],[-86.08,45.373],[-1.782,-0.154],[2.76,-2.428],[24.074,-19.876],[2.076,-4.25],[-2.82,-3.797],[-6.78,1.517],[-18.58,26.436],[-1.671,9.526],[-0.084,1.691],[-13.816,-5.839],[0.067,-0.103],[10.91,-8.935],[22.571,-17.682],[-0.931,-6.818],[-6.661,-0.709],[-6.201,2.535],[-15.369,13.586],[-6.215,19.549],[-0.572,3.558],[-12.861,-8.288],[5.879,-6.399],[0.944,-40.556],[-37.482,47.395],[-2.377,18.262],[-17.303,-15.086],[0.454,-0.599],[11.52,-8.133],[23.777,-16.026],[-0.442,-6.866],[-6.593,-1.181],[-6.366,2.085],[-16.3,12.453],[-7.594,19.055],[-0.809,3.256],[-0.747,-0.972],[-1.471,1.035],[-0.036,0.029],[1.133,1.475],[54.675,48.688],[-0.023,0.683],[1.411,6.771],[6.361,16.048],[5.468,10.863]],"o":[[-9.915,-3.964],[-0.272,0.596],[-7.714,-24.365],[-2.18,-4.714],[-10.302,-9.254],[-0.795,10.104],[5.172,8.714],[15.458,17.957],[0.744,2.142],[0,0],[0,0],[0.158,0.85],[0.344,2.258],[-13.082,-8.256],[0.013,-0.803],[-0.26,-6.911],[-4.721,-16.607],[-5.301,-11.011],[-5.526,-9.268],[-10.172,-3.246],[-1.8,4.837],[0.685,7.145],[16.206,26.643],[2.075,2.308],[0.002,0.186],[-14.704,-6.149],[-0.534,-5.292],[-3.44,-8.694],[-7.827,-10.877],[-6.848,-7.2],[-8.547,-2.61],[-0.34,5.515],[13.141,19.551],[4.424,3.777],[-24.331,-4.113],[-38.337,31.319],[1.775,0.086],[-1.669,3.206],[-23.443,20.617],[-3.648,3.011],[-2.075,4.249],[4.143,5.577],[31.534,-7.055],[5.561,-7.912],[0.294,-1.675],[13.827,2.62],[-0.067,0.105],[-7.694,11.818],[-22.184,18.167],[-5.417,4.244],[0.906,6.636],[6.661,0.708],[18.988,-7.762],[15.37,-13.586],[1.093,-3.436],[13.32,6.292],[-1.614,5.711],[-18.375,20],[-0.739,31.709],[11.572,-14.632],[19.57,13.094],[-0.429,0.63],[-8.518,11.24],[-23.424,16.538],[-5.705,3.846],[0.43,6.685],[6.595,1.183],[19.493,-6.388],[16.3,-12.454],[1.242,-3.116],[53.912,48.567],[1.104,1.439],[0.037,-0.027],[1.476,-1.132],[-3.107,-4.048],[0.054,-0.68],[0.234,-6.911],[-3.523,-16.899],[-4.503,-11.362],[-4.851,-9.638]],"v":[[79.391,-75.961],[56.988,-67.043],[56.276,-65.212],[27.982,-136.55],[19.624,-149.565],[-4.327,-137.909],[2.104,-106.502],[23.445,-76.206],[60.151,-25.496],[62.085,-17.063],[61.771,-17.198],[62.577,-14.415],[63.06,-11.922],[63.358,-3.456],[23.249,-25.349],[23.296,-27.757],[19.245,-48.05],[2.256,-96.904],[-16.29,-128.138],[-39.906,-147.773],[-61.615,-137.279],[-63.611,-122.057],[-56.277,-102.006],[10.984,-37.551],[15.17,-29.471],[15.101,-28.924],[-29.296,-42.358],[-33.149,-57.84],[-47.186,-82.039],[-72.818,-112.967],[-97.077,-130.22],[-113.912,-118.324],[-108.822,-102.863],[-52.848,-60.519],[-43.238,-46.254],[-192.999,-34.994],[-49.906,-37.939],[-44.57,-37.569],[-51.744,-29.209],[-129.042,23.475],[-138.358,34.029],[-137.877,47.508],[-118.589,51.317],[-41.928,-4.35],[-29.641,-30.369],[-29.113,-35.425],[12.447,-22.536],[12.249,-22.22],[-14.225,10.552],[-90.578,49.378],[-100.242,66.535],[-85.97,78.527],[-66.527,74.363],[-13.962,42.925],[20.084,-7.443],[22.628,-17.957],[61.987,4.102],[51.329,22.578],[-50.665,100.238],[47.073,58.509],[68.158,8.157],[123.783,51.147],[122.452,52.994],[93.706,83.793],[14.777,117.071],[3.913,133.493],[17.292,146.473],[36.983,143.709],[91.658,116.103],[129.212,68.293],[132.333,58.721],[224.859,157.08],[229.47,157.784],[229.582,157.701],[230.203,152.978],[133.681,50.295],[133.866,48.259],[131.273,27.728],[117.815,-22.212],[101.547,-54.691]]},"ix":2}},{"ty":"mm","bm":0,"cl":"","ln":"","hd":false,"mn":"ADBE Vector Filter - Merge","nm":"Merge Paths 1","mm":1},{"ty":"fl","bm":0,"cl":"","ln":"","hd":false,"mn":"ADBE Vector Graphic - Fill","nm":"Fill 1","c":{"a":0,"k":[0.2902,0.4118,0.698],"ix":4},"r":1,"o":{"a":0,"k":100,"ix":5}},{"ty":"tr","a":{"a":0,"k":[231,156],"ix":1},"s":{"a":0,"k":[100,100],"ix":3},"sk":{"a":0,"k":0,"ix":4},"p":{"a":0,"k":[462.586,816.838],"ix":2},"r":{"a":1,"k":[{"o":{"x":0.333,"y":0},"i":{"x":0.667,"y":1},"s":[0],"t":0},{"o":{"x":0.333,"y":0},"i":{"x":0.667,"y":1},"s":[6],"t":30},{"o":{"x":0.167,"y":0.167},"i":{"x":0.833,"y":0.833},"s":[0],"t":60}],"ix":6},"sa":{"a":0,"k":0,"ix":5},"o":{"a":0,"k":100,"ix":7}}]},{"ty":"gr","bm":0,"cl":"","ln":"","hd":false,"mn":"ADBE Vector Group","nm":"Group 3","ix":3,"cix":2,"np":2,"it":[{"ty":"sh","bm":0,"cl":"","ln":"","hd":false,"mn":"ADBE Vector Shape - Group","nm":"Path 1","ix":1,"d":1,"ks":{"a":0,"k":{"c":true,"i":[[55.847,-27.885],[41.806,-60.143],[2.889,-40.505],[-12.58,-54.349],[-31.347,-86.63],[-61.968,-35.853],[-70.166,-11.387],[-80.256,7.353],[-39.282,51.57],[-2.25,45.881],[-7.695,45.247],[-27.304,105.336],[10.932,35.799],[21.214,22.606],[59.33,24.374],[30.855,8.819],[30.226,3.564],[15.812,0.223],[55.168,-7.107]],"o":[[-64.536,32.223],[-22.933,32.992],[-3.974,55.729],[20.822,89.948],[24.866,68.72],[61.968,35.852],[79.594,12.917],[63.279,-5.797],[27.502,-36.104],[2.251,-45.882],[18.267,-107.404],[9.4,-36.261],[-9.169,-30.025],[-44.735,-47.67],[-29.757,-12.225],[-28.78,-8.224],[-15.713,-1.853],[-55.537,-0.781],[-61.319,7.899]],"v":[[-292.809,-436.034],[-455.699,-294.552],[-500.446,-183.491],[-465.441,-20.799],[-430.081,253.31],[-289.634,412.773],[-87.416,478.339],[153.5,488.354],[324.301,414.492],[362.674,284.813],[369.42,147.308],[491.798,-153.159],[493.487,-264.24],[444.504,-342.98],[283.795,-448.384],[192.618,-479.564],[100.033,-492.625],[52.663,-494.925],[-114.753,-486.774]]},"ix":2}},{"ty":"fl","bm":0,"cl":"","ln":"","hd":false,"mn":"ADBE Vector Graphic - Fill","nm":"Fill 1","c":{"a":0,"k":[0.9569,0.9647,0.9843],"ix":4},"r":1,"o":{"a":0,"k":100,"ix":5}},{"ty":"tr","a":{"a":0,"k":[0,0],"ix":1},"s":{"a":0,"k":[100,100],"ix":3},"sk":{"a":0,"k":0,"ix":4},"p":{"a":0,"k":[564.289,495.956],"ix":2},"r":{"a":0,"k":0,"ix":6},"sa":{"a":0,"k":0,"ix":5},"o":{"a":0,"k":100,"ix":7}}]}],"ind":9}],"ddd":0,"h":1200,"w":1200,"meta":{"a":"","k":"","d":"","g":"@lottiefiles/toolkit-js 0.22.1","tc":"#000000"},"v":"5.6.8","fr":31,"op":61,"ip":0,"assets":[]}